REPORT_ID,EXPENSE_TYPE,TRANSACTION_DATE,EMPLOYEE_ID,EMPLOYEE_NAME,DEPARTMENT,COST_CENTER,JOB_TITLE,HOME_CITY,TRIP_PURPOSE,PAYMENT_METHOD,ORIGIN_IATA,DESTINATION_IATA,ORIGIN_CITY,DESTINATION_CITY,DISTANCE_KM,AIRLINE_CODE,AIRLINE_NAME,FLIGHT_NUMBER,CABIN_CLASS,HOTEL_NAME,HOTEL_CITY,CHECK_IN_DATE,CHECK_OUT_DATE,GROUND_TRANSPORT_TYPE,AMOUNT,CURRENCY,REIMBURSABLE,POLICY_COMPLIANT,POLICY_EXCEPTION_REASON,EMISSION_FACTOR_KGCO2E_PER_KM_OR_NIGHT,ESTIMATED_EMISSIONS_KGCO2E,APPROVAL_STATUS,RECEIPT_ATTACHED,NOTES
RPT-010001,Air Travel,30-09-2023,EMP-0193,Suresh Kumar,Sales,CC-SAL-001,Regional Head,Delhi,Site Visit,Corporate Card,BOM,CCU,Mumbai,Kolkata,1672,6E,Air India,6E776,Business,,,,,,49661.16,INR,Yes,No,Domestic business/first not permitted without VP approval,0.255,852.72,Approved,Yes,
RPT-010002,Air Travel,28-10-2023,EMP-0206,Lakshmi Pillai,R&D,CC-RND-001,Scientist,Bangalore,Project Review,Corporate Card,DEL,CCU,Delhi,Kolkata,,6E,IndiGo,6E897,Business,,,,,,29047.02,INR,Yes,No,Domestic business/first not permitted without VP approval,,,Approved,Yes,
RPT-010003,Air Travel,12-08-2023,EMP-0128,Kavitha Menon,Legal,CC-LEG-001,Head Legal,Bangalore,Internal Meeting,Corporate Card,BOM,FRA,Mumbai,Frankfurt,6200,LH,Lufthansa,LH317,Business,,,,,,310303.58,INR,Yes,Yes,,0.585,7254,Approved,Yes,
RPT-010004,Air Travel,14-04-2023,EMP-0206,Lakshmi Pillai,R&D,CC-RND-001,Scientist,Bangalore,Project Review,Corporate Card,BOM,MAA,Mumbai,Chennai,1337,6E,Air India,6E642,Economy,,,,,,16887.07,INR,Yes,Yes,,0.255,340.94,Approved,No,
RPT-010005,Ground - Airport Transfer,03-03-2024,EMP-0206,Lakshmi Pillai,R&D,CC-RND-001,Scientist,Bangalore,Tender Submission,Corporate Card,,,,,,,,,,,,,,Airport Transfer,299.78,INR,Yes,Yes,,0.17,36.72,Approved,No,
RPT-010006,Ground - Airport Transfer,24-02-2023,EMP-0167,Rohit Joshi,Finance,CC-FIN-002,Analyst,Pune,Board Meeting,Corporate Card,,,,,,,,,,,,,,Airport Transfer,5305.25,INR,Yes,Yes,,0.17,63.58,Approved,Yes,
RPT-010007,Air Travel,26-05-2024,EMP-0011,Rajesh Sharma,Finance,CC-FIN-001,VP Finance,Mumbai,Board Meeting,Cash,DEL,JFK,Delhi,New York,11755,UA,United Airlines,UA577,Economy,,,,,,59805.67,USD,Yes,Yes,,0.195,4584.45,Approved,No,
RPT-010008,Air Travel,16-05-2024,EMP-0115,Arun Patel,Sales,CC-SAL-003,Sales Director,Ahmedabad,Conference,Corporate Card,DEL,LHR,Delhi,London,,AI,Air India,AI888,Economy,,,,,,30575.91,AED,Yes,Yes,,,,Approved,Yes,
RPT-010009,Ground - Corporate Car,13-01-2025,EMP-0154,Deepa Krishnan,Projects,CC-PRJ-002,Project Lead,Chennai,Board Meeting,Corporate Card,,,,,,,,,,,,,,Corporate Car,3877.38,INR,Yes,Yes,,0.17,12.24,Rejected,Yes,
RPT-010010,Air Travel,23-04-2024,EMP-0089,Vikram Singh,IT,CC-IT-002,CTO,Delhi,Client Meeting,Cash,BOM,LHR,Mumbai,London,,AI,Air India,AI795,First,,,,,,562283.3,INR,Yes,Yes,,,,Pending,No,
RPT-010011,Air Travel,03-07-2023,EMP-0115,Arun Patel,Sales,CC-SAL-003,Sales Director,Ahmedabad,Board Meeting,Personal Card,DEL,CCU,Delhi,Kolkata,1305,6E,IndiGo,6E965,First,,,,,,68987.95,INR,Yes,No,Domestic business/first not permitted without VP approval,0.255,665.55,Pending,Yes,
RPT-010012,Air Travel,13-04-2023,EMP-0206,Lakshmi Pillai,R&D,CC-RND-001,Scientist,Bangalore,Training,Personal Card,DEL,MAA,Delhi,Chennai,2182,AI,IndiGo,AI637,First,,,,,,71296.42,INR,Yes,No,Domestic business/first not permitted without VP approval,0.255,1112.82,Approved,Yes,
RPT-010013,Hotel,29-02-2024,EMP-0141,Sanjay Gupta,Strategy,CC-STR-001,CEO,Mumbai,Audit,Corporate Card,,,,,,,,,,Hyatt Place,Ahmedabad,29-02-2024,03-03-2024,,29929.74,INR,Yes,Yes,,20.5,61.5,Approved,Yes,
RPT-010014,Hotel,04-06-2023,EMP-0045,Amit Kulkarni,Supply Chain,CC-SCM-001,Manager,Pune,Client Meeting,Corporate Card,,,,,,,,,,Ibis,Kolkata,04-06-2023,05-06-2023,,5652.32,INR,Yes,Yes,,20.5,20.5,Approved,Yes,
RPT-010015,Air Travel,06-09-2024,EMP-0206,Lakshmi Pillai,R&D,CC-RND-001,Scientist,Bangalore,Conference,Personal Card,DEL,SIN,Delhi,Singapore,4101,SQ,Singapore Airlines,SQ407,Economy,,,,,,61804.05,INR,Yes,Yes,,0.195,1599.39,Approved,No,
RPT-010016,Hotel,07-11-2024,EMP-0128,Kavitha Menon,Legal,CC-LEG-001,Head Legal,Bangalore,Client Meeting,Corporate Card,,,,,,,,,,Marriott Whitefield,Bangalore,07-11-2024,12-11-2024,,64456.65,INR,Yes,Yes,,20.5,102.5,Pending,Yes,
RPT-010017,Air Travel,30-03-2024,EMP-0023,Priya Nair,Operations,CC-OPS-002,Sr Manager,Chennai,Client Meeting,Corporate Card,BOM,HKG,Mumbai,Hong Kong,4261,CX,Cathay Pacific,CX784,Economy,,,,,,71419.46,INR,Yes,Yes,,0.195,1661.79,Approved,No,
RPT-010018,Hotel,31-07-2024,EMP-0011,Rajesh Sharma,Finance,CC-FIN-001,VP Finance,Mumbai,Board Meeting,Cash,,,,,,,,,,Ibis Tokyo Shinjuku,Tokyo,31-07-2024,05-08-2024,,993.12,EUR,Yes,Yes,,20.5,102.5,Approved,Yes,
RPT-010019,Hotel,28-07-2023,EMP-0067,Sunita Reddy,HR,CC-HR-001,Director HR,Hyderabad,Board Meeting,Cash,,,,,,,,,,Lemon Tree,Ahmedabad,28-07-2023,01-08-2023,,24734.08,INR,Yes,Yes,,20.5,82,Pending,Yes,
RPT-010020,Ground - Train/Metro,04-10-2024,EMP-0067,Sunita Reddy,HR,CC-HR-001,Director HR,Hyderabad,Audit,Corporate Card,,,,,,,,,,,,,,Train/Metro,1692.31,INR,Yes,Yes,,0.17,40.63,Approved,Yes,
RPT-010021,Hotel,02-10-2023,EMP-0067,Sunita Reddy,HR,CC-HR-001,Director HR,Hyderabad,Site Visit,Corporate Card,,,,,,,,,,Hyatt Place,Ahmedabad,02-10-2023,06-10-2023,,35168.88,INR,Yes,Yes,,20.5,82,Approved,Yes,
RPT-010022,Ground - Uber/Ola,17-09-2023,EMP-0128,Kavitha Menon,Legal,CC-LEG-001,Head Legal,Bangalore,Internal Meeting,Corporate Card,,,,,,,,,,,,,,Uber/Ola,7725.89,INR,Yes,Yes,,,,Rejected,Yes,
RPT-010023,Hotel,01-07-2024,EMP-0115,Arun Patel,Sales,CC-SAL-003,Sales Director,Ahmedabad,Board Meeting,Corporate Card,,,,,,,,,,Novotel Ahmedabad,Ahmedabad,01-07-2024,06-07-2024,,49070.95,INR,Yes,Yes,,20.5,102.5,Pending,Yes,
RPT-010024,Air Travel,10-02-2024,EMP-0128,Kavitha Menon,Legal,CC-LEG-001,Head Legal,Bangalore,Board Meeting,Corporate Card,MAA,BLR,Chennai,Bangalore,,AI,IndiGo,AI549,Economy,,,,,,14479.18,INR,Yes,Yes,,,,Approved,Yes,
RPT-010025,Hotel,11-12-2024,EMP-0128,Kavitha Menon,Legal,CC-LEG-001,Head Legal,Bangalore,Internal Meeting,Corporate Card,,,,,,,,,,The Westin,Chennai,11-12-2024,12-12-2024,,14828.97,INR,Yes,Yes,,20.5,20.5,Approved,Yes,
RPT-010026,Hotel,21-05-2023,EMP-0045,Amit Kulkarni,Supply Chain,CC-SCM-001,Manager,Pune,Conference,Corporate Card,,,,,,,,,,The Lalit,Kolkata,21-05-2023,22-05-2023,,11700.55,INR,Yes,Yes,,20.5,20.5,Approved,Yes,
RPT-010027,Ground - Bus,04-10-2023,EMP-0167,Rohit Joshi,Finance,CC-FIN-002,Analyst,Pune,Conference,Corporate Card,,,,,,,,,,,,,,Bus,4176.02,INR,Yes,Yes,,0.17,12.07,Approved,No,
RPT-010028,Air Travel,06-09-2024,EMP-0167,Rohit Joshi,Finance,CC-FIN-002,Analyst,Pune,Project Review,Corporate Card,BOM,PNQ,Mumbai,Pune,,AI,IndiGo,AI578,Economy,,,,,,5370.97,INR,Yes,Yes,,,,Rejected,Yes,
RPT-010029,Air Travel,03-04-2023,EMP-0141,Sanjay Gupta,Strategy,CC-STR-001,CEO,Mumbai,Tender Submission,Personal Card,DEL,NRT,Delhi,Tokyo,5846,NH,ANA,NH673,Economy,,,,,,66693.06,INR,Yes,Yes,,0.195,1139.97,Rejected,Yes,
RPT-010030,Air Travel,09-01-2024,EMP-0089,Vikram Singh,IT,CC-IT-002,CTO,Delhi,Client Meeting,Corporate Card,DEL,CCU,Delhi,Kolkata,1305,6E,IndiGo,6.00E+217,Economy,,,,,,11803.53,INR,Yes,Yes,,0.255,665.55,Rejected,Yes,
RPT-010031,Ground - Auto Rickshaw,11-02-2024,EMP-0128,Kavitha Menon,Legal,CC-LEG-001,Head Legal,Bangalore,Project Review,Corporate Card,,,,,,,,,,,,,,Auto Rickshaw,2414.37,INR,Yes,Yes,,0.149,1.79,Approved,Yes,
RPT-010032,Air Travel,11-10-2023,EMP-0180,Ananya Banerjee,Operations,CC-OPS-001,AGM,Kolkata,Project Review,Personal Card,BOM,PNQ,Mumbai,Pune,,AI,IndiGo,AI892,Economy,,,,,,19929.22,INR,Yes,Yes,,,,Approved,Yes,
RPT-010033,Hotel,09-02-2023,EMP-0206,Lakshmi Pillai,R&D,CC-RND-001,Scientist,Bangalore,Internal Meeting,Corporate Card,,,,,,,,,,ITC Gardenia,Bangalore,09-02-2023,11-02-2023,,38183.06,INR,Yes,No,Hotel rate exceeds INR 15000/night policy cap,20.5,41,Approved,Yes,
RPT-010034,Hotel,14-05-2023,EMP-0067,Sunita Reddy,HR,CC-HR-001,Director HR,Hyderabad,Project Review,Cash,,,,,,,,,,Marriott Whitefield,Bangalore,14-05-2023,16-05-2023,,30737.16,INR,Yes,No,Hotel rate exceeds INR 15000/night policy cap,20.5,41,Rejected,No,
RPT-010035,Air Travel,20-02-2023,EMP-0206,Lakshmi Pillai,R&D,CC-RND-001,Scientist,Bangalore,Client Meeting,Personal Card,DEL,CCU,Delhi,Kolkata,1305,6E,IndiGo,6E658,Business,,,,,,45336.58,INR,Yes,No,Domestic business/first not permitted without VP approval,0.255,665.55,Approved,No,
RPT-010036,Air Travel,08-05-2024,EMP-0219,Nikhil Desai,Procurement,CC-PRO-002,Analyst,Mumbai,Training,Corporate Card,BOM,DXB,Mumbai,Dubai,1935,EK,Emirates,EK634,Business,,,,,,397278.44,EUR,Yes,Yes,,0.585,2263.95,Approved,Yes,
RPT-010037,Air Travel,08-11-2023,EMP-0045,Amit Kulkarni,Supply Chain,CC-SCM-001,Manager,Pune,Site Visit,Corporate Card,BOM,BLR,Mumbai,Bangalore,,6E,SpiceJet,6E595,First,,,,,,80197.82,INR,Yes,No,Domestic business/first not permitted without VP approval,,,Approved,Yes,
RPT-010038,Ground - Bus,11-01-2025,EMP-0045,Amit Kulkarni,Supply Chain,CC-SCM-001,Manager,Pune,Client Meeting,Corporate Card,,,,,,,,,,,,,,Bus,1210.06,INR,Yes,Yes,,0.17,37.74,Approved,Yes,
RPT-010039,Air Travel,28-12-2023,EMP-0206,Lakshmi Pillai,R&D,CC-RND-001,Scientist,Bangalore,Site Visit,Corporate Card,BOM,HYD,Mumbai,Hyderabad,,AI,IndiGo,AI893,Business,,,,,,31303.5,INR,Yes,No,Domestic business/first not permitted without VP approval,,,Rejected,No,
RPT-010040,Air Travel,04-09-2024,EMP-0141,Sanjay Gupta,Strategy,CC-STR-001,CEO,Mumbai,Audit,Corporate Card,MAA,BLR,Chennai,Bangalore,,AI,IndiGo,AI607,Economy,,,,,,17065.98,INR,Yes,Yes,,,,Approved,Yes,
RPT-010041,Hotel,26-12-2023,EMP-0180,Ananya Banerjee,Operations,CC-OPS-001,AGM,Kolkata,Tender Submission,Corporate Card,,,,,,,,,,Marriott Whitefield,Bangalore,26-12-2023,27-12-2023,,14283.95,INR,Yes,Yes,,20.5,20.5,Approved,No,
RPT-010042,Air Travel,12-10-2024,EMP-0011,Rajesh Sharma,Finance,CC-FIN-001,VP Finance,Mumbai,Board Meeting,Corporate Card,DEL,CCU,Delhi,Kolkata,1305,6E,IndiGo,6E866,Business,,,,,,32414.38,INR,Yes,No,Domestic business/first not permitted without VP approval,0.255,665.55,Approved,Yes,
RPT-010043,Hotel,20-11-2023,EMP-0045,Amit Kulkarni,Supply Chain,CC-SCM-001,Manager,Pune,Conference,Corporate Card,,,,,,,,,,Sofitel Gatwick,London,20-11-2023,23-11-2023,,60581.76,INR,Yes,Yes,,20.5,61.5,Rejected,No,
RPT-010044,Ground - Airport Transfer,09-09-2023,EMP-0141,Sanjay Gupta,Strategy,CC-STR-001,CEO,Mumbai,Project Review,Corporate Card,,,,,,,,,,,,,,Airport Transfer,6879.45,INR,Yes,Yes,,0.17,34.68,Pending,No,
RPT-010045,Air Travel,18-05-2023,EMP-0206,Lakshmi Pillai,R&D,CC-RND-001,Scientist,Bangalore,Client Meeting,Cash,BOM,CCU,Mumbai,Kolkata,,6E,Air India,6E541,Economy,,,,,,16173.09,INR,Yes,Yes,,,,Rejected,Yes,
RPT-010046,Air Travel,12-02-2023,EMP-0219,Nikhil Desai,Procurement,CC-PRO-002,Analyst,Mumbai,Training,Corporate Card,BOM,CCU,Mumbai,Kolkata,1672,6E,Air India,6E740,First,,,,,,67768.1,INR,Yes,No,Domestic business/first not permitted without VP approval,0.255,852.72,Approved,Yes,
RPT-010047,Hotel,11-06-2024,EMP-0128,Kavitha Menon,Legal,CC-LEG-001,Head Legal,Bangalore,Training,Corporate Card,,,,,,,,,,Lemon Tree Premier,Delhi,11-06-2024,15-06-2024,,33494.04,INR,Yes,Yes,,20.5,82,Approved,Yes,
RPT-010048,Hotel,01-12-2024,EMP-0067,Sunita Reddy,HR,CC-HR-001,Director HR,Hyderabad,Tender Submission,Corporate Card,,,,,,,,,,Radisson Blu,Delhi,01-12-2024,05-12-2024,,50904.04,INR,Yes,Yes,,20.5,82,Approved,No,
RPT-010049,Hotel,02-03-2024,EMP-0167,Rohit Joshi,Finance,CC-FIN-002,Analyst,Pune,Audit,Corporate Card,,,,,,,,,,Taj Bengal,Kolkata,02-03-2024,05-03-2024,,53130.69,INR,Yes,No,Hotel rate exceeds INR 15000/night policy cap,20.5,61.5,Approved,Yes,
RPT-010050,Hotel,20-02-2024,EMP-0067,Sunita Reddy,HR,CC-HR-001,Director HR,Hyderabad,Tender Submission,Personal Card,,,,,,,,,,Lemon Tree,Ahmedabad,20-02-2024,24-02-2024,,23229.2,INR,Yes,Yes,,20.5,82,Approved,Yes,
RPT-010051,Hotel,28-08-2024,EMP-0167,Rohit Joshi,Finance,CC-FIN-002,Analyst,Pune,Site Visit,Corporate Card,,,,,,,,,,The Imperial Delhi,Delhi,28-08-2024,01-09-2024,,77666.92,INR,Yes,No,Hotel rate exceeds INR 15000/night policy cap,20.5,82,Rejected,Yes,
RPT-010052,Air Travel,30-12-2023,EMP-0102,Meera Iyer,Procurement,CC-PRO-001,GM Procurement,Mumbai,Project Review,Cash,BOM,DXB,Mumbai,Dubai,1935,EK,Emirates,EK928,Business,,,,,,352787.95,GBP,Yes,Yes,,0.585,2263.95,Approved,Yes,
RPT-010053,Hotel,04-09-2024,EMP-0011,Rajesh Sharma,Finance,CC-FIN-001,VP Finance,Mumbai,Tender Submission,Cash,,,,,,,,,,Crowne Plaza,Ahmedabad,04-09-2024,06-09-2024,,23250.8,INR,Yes,Yes,,20.5,41,Approved,No,
RPT-010054,Ground - Train/Metro,19-05-2023,EMP-0115,Arun Patel,Sales,CC-SAL-003,Sales Director,Ahmedabad,Tender Submission,Corporate Card,,,,,,,,,,,,,,Train/Metro,3234.11,INR,Yes,Yes,,0.17,23.8,Approved,Yes,
RPT-010055,Ground - Airport Transfer,09-10-2024,EMP-0167,Rohit Joshi,Finance,CC-FIN-002,Analyst,Pune,Project Review,Corporate Card,,,,,,,,,,,,,,Airport Transfer,4633.67,INR,Yes,Yes,,,,Rejected,No,
RPT-010056,Ground - Train/Metro,25-04-2023,EMP-0011,Rajesh Sharma,Finance,CC-FIN-001,VP Finance,Mumbai,Conference,Corporate Card,,,,,,,,,,,,,,Train/Metro,3184.81,INR,No,Yes,,0.17,65.79,Approved,Yes,
RPT-010057,Air Travel,27-03-2023,EMP-0045,Amit Kulkarni,Supply Chain,CC-SCM-001,Manager,Pune,Training,Cash,DEL,BLR,Delhi,Bangalore,2082,6E,Air India,6E565,Business,,,,,,42263.05,INR,Yes,No,Domestic business/first not permitted without VP approval,0.255,1061.82,Approved,Yes,
RPT-010058,Air Travel,11-05-2023,EMP-0167,Rohit Joshi,Finance,CC-FIN-002,Analyst,Pune,Client Meeting,Personal Card,DEL,SIN,Delhi,Singapore,4101,SQ,Singapore Airlines,SQ550,Business,,,,,,315486.67,INR,Yes,Yes,,0.585,2399.09,Approved,Yes,
RPT-010059,Hotel,05-05-2023,EMP-0102,Meera Iyer,Procurement,CC-PRO-001,GM Procurement,Mumbai,Client Meeting,Corporate Card,,,,,,,,,,Marriott JBR,Dubai,05-05-2023,10-05-2023,,2000.47,USD,Yes,Yes,,20.5,102.5,Rejected,Yes,
RPT-010060,Air Travel,07-01-2024,EMP-0206,Lakshmi Pillai,R&D,CC-RND-001,Scientist,Bangalore,Training,Cash,BOM,LHR,Mumbai,London,7189,AI,Air India,AI669,Business,,,,,,427439.43,INR,Yes,Yes,,0.585,8411.13,Approved,Yes,
RPT-010061,Air Travel,20-10-2024,EMP-0193,Suresh Kumar,Sales,CC-SAL-001,Regional Head,Delhi,Training,Corporate Card,DEL,SIN,Delhi,Singapore,4101,SQ,Singapore Airlines,SQ146,Economy,,,,,,66661.69,INR,Yes,Yes,,0.195,1599.39,Approved,Yes,
RPT-010062,Air Travel,12-01-2024,EMP-0219,Nikhil Desai,Procurement,CC-PRO-002,Analyst,Mumbai,Project Review,Corporate Card,MAA,HYD,Chennai,Hyderabad,628,6E,Air India,6E363,First,,,,,,56036.66,INR,Yes,No,Domestic business/first not permitted without VP approval,0.255,160.14,Pending,Yes,
RPT-010063,Ground - Uber/Ola,10-08-2024,EMP-0167,Rohit Joshi,Finance,CC-FIN-002,Analyst,Pune,Client Meeting,Corporate Card,,,,,,,,,,,,,,Uber/Ola,7296.08,INR,Yes,Yes,,,,Pending,Yes,
RPT-010064,Hotel,19-12-2023,EMP-0219,Nikhil Desai,Procurement,CC-PRO-002,Analyst,Mumbai,Training,Corporate Card,,,,,,,,,,Lemon Tree,Hyderabad,19-12-2023,24-12-2023,,35152.4,INR,Yes,Yes,,20.5,102.5,Rejected,Yes,
RPT-010065,Hotel,15-07-2023,EMP-0219,Nikhil Desai,Procurement,CC-PRO-002,Analyst,Mumbai,Audit,Corporate Card,,,,,,,,,,Sheraton Times Square,New York,15-07-2023,19-07-2023,,156388.36,INR,Yes,Yes,,20.5,82,Approved,Yes,
RPT-010066,Ground - Bus,18-09-2024,EMP-0102,Meera Iyer,Procurement,CC-PRO-001,GM Procurement,Mumbai,Internal Meeting,Corporate Card,,,,,,,,,,,,,,Bus,4590.99,INR,Yes,Yes,,0.17,40.63,Approved,No,
RPT-010067,Air Travel,30-01-2023,EMP-0045,Amit Kulkarni,Supply Chain,CC-SCM-001,Manager,Pune,Conference,Corporate Card,DEL,MAA,Delhi,Chennai,2182,AI,IndiGo,AI268,Economy,,,,,,12342.22,INR,Yes,Yes,,0.255,1112.82,Approved,Yes,
RPT-010068,Ground - Bus,14-09-2024,EMP-0219,Nikhil Desai,Procurement,CC-PRO-002,Analyst,Mumbai,Project Review,Corporate Card,,,,,,,,,,,,,,Bus,2824.99,INR,Yes,Yes,,0.17,54.4,Pending,Yes,
RPT-010069,Air Travel,15-05-2024,EMP-0167,Rohit Joshi,Finance,CC-FIN-002,Analyst,Pune,Audit,Personal Card,DEL,HYD,Delhi,Hyderabad,1253,AI,SpiceJet,AI922,First,,,,,,52129.68,INR,Yes,No,Domestic business/first not permitted without VP approval,0.255,639.03,Rejected,Yes,
RPT-010070,Hotel,17-06-2024,EMP-0023,Priya Nair,Operations,CC-OPS-002,Sr Manager,Chennai,Client Meeting,Corporate Card,,,,,,,,,,Hilton Singapore,Singapore,17-06-2024,21-06-2024,,1215.73,SGD,Yes,Yes,,20.5,82,Approved,No,
RPT-010071,Air Travel,27-09-2024,EMP-0167,Rohit Joshi,Finance,CC-FIN-002,Analyst,Pune,Training,Corporate Card,DEL,AMD,Delhi,Ahmedabad,950,6E,SpiceJet,6E845,Business,,,,,,25625.81,INR,Yes,No,Domestic business/first not permitted without VP approval,0.255,484.5,Approved,Yes,
RPT-010072,Hotel,05-04-2024,EMP-0011,Rajesh Sharma,Finance,CC-FIN-001,VP Finance,Mumbai,Project Review,Corporate Card,,,,,,,,,,The Westin,Chennai,05-04-2024,08-04-2024,,49998.57,INR,Yes,No,Hotel rate exceeds INR 15000/night policy cap,20.5,61.5,Approved,Yes,
RPT-010073,Air Travel,03-05-2023,EMP-0167,Rohit Joshi,Finance,CC-FIN-002,Analyst,Pune,Training,Corporate Card,DEL,LHR,Delhi,London,6733,AI,Air India,AI742,Economy,,,,,,71877.05,INR,Yes,Yes,,0.195,2625.87,Approved,Yes,
RPT-010074,Hotel,17-04-2024,EMP-0089,Vikram Singh,IT,CC-IT-002,CTO,Delhi,Internal Meeting,Personal Card,,,,,,,,,,Crowne Plaza,Ahmedabad,17-04-2024,20-04-2024,,31371.33,INR,Yes,Yes,,20.5,61.5,Pending,Yes,
RPT-010075,Air Travel,01-06-2023,EMP-0023,Priya Nair,Operations,CC-OPS-002,Sr Manager,Chennai,Board Meeting,Corporate Card,MAA,HYD,Chennai,Hyderabad,,6E,Air India,6E648,Business,,,,,,33332.43,INR,Yes,No,Domestic business/first not permitted without VP approval,,,Approved,Yes,
RPT-010076,Air Travel,22-09-2024,EMP-0089,Vikram Singh,IT,CC-IT-002,CTO,Delhi,Training,Cash,BOM,DEL,Mumbai,Delhi,,AI,IndiGo,AI238,Economy,,,,,,11472.19,INR,Yes,Yes,,,,Approved,No,
RPT-010077,Hotel,16-04-2023,EMP-0045,Amit Kulkarni,Supply Chain,CC-SCM-001,Manager,Pune,Audit,Personal Card,,,,,,,,,,Taj Bengal,Kolkata,16-04-2023,17-04-2023,,20853.66,INR,Yes,No,Hotel rate exceeds INR 15000/night policy cap,20.5,20.5,Approved,No,
RPT-010078,Hotel,26-04-2023,EMP-0206,Lakshmi Pillai,R&D,CC-RND-001,Scientist,Bangalore,Site Visit,Corporate Card,,,,,,,,,,ITC Gardenia,Bangalore,26-04-2023,28-04-2023,,30837.92,INR,Yes,No,Hotel rate exceeds INR 15000/night policy cap,20.5,41,Rejected,Yes,
RPT-010079,Air Travel,13-03-2023,EMP-0141,Sanjay Gupta,Strategy,CC-STR-001,CEO,Mumbai,Board Meeting,Corporate Card,BOM,HYD,Mumbai,Hyderabad,,AI,IndiGo,AI216,Business,,,,,,48859.06,INR,Yes,No,Domestic business/first not permitted without VP approval,,,Approved,Yes,
RPT-010080,Air Travel,09-11-2023,EMP-0128,Kavitha Menon,Legal,CC-LEG-001,Head Legal,Bangalore,Internal Meeting,Corporate Card,BOM,PNQ,Mumbai,Pune,,AI,IndiGo,AI384,Economy,,,,,,17345.29,INR,Yes,Yes,,,,Approved,Yes,
RPT-010081,Air Travel,06-03-2024,EMP-0167,Rohit Joshi,Finance,CC-FIN-002,Analyst,Pune,Tender Submission,Corporate Card,BOM,PNQ,Mumbai,Pune,149,AI,IndiGo,AI131,Business,,,,,,44464.61,INR,Yes,No,Domestic business/first not permitted without VP approval,0.255,75.99,Approved,No,
RPT-010082,Hotel,03-06-2023,EMP-0023,Priya Nair,Operations,CC-OPS-002,Sr Manager,Chennai,Client Meeting,Corporate Card,,,,,,,,,,The Leela Palace,Bangalore,03-06-2023,06-06-2023,,60184.08,INR,Yes,No,Hotel rate exceeds INR 15000/night policy cap,20.5,61.5,Approved,Yes,
RPT-010083,Hotel,08-04-2024,EMP-0128,Kavitha Menon,Legal,CC-LEG-001,Head Legal,Bangalore,Client Meeting,Corporate Card,,,,,,,,,,The Leela Palace,Bangalore,08-04-2024,11-04-2024,,60992.1,INR,Yes,No,Hotel rate exceeds INR 15000/night policy cap,20.5,61.5,Approved,Yes,
RPT-010084,Hotel,17-06-2024,EMP-0219,Nikhil Desai,Procurement,CC-PRO-002,Analyst,Mumbai,Client Meeting,Corporate Card,,,,,,,,,,Marriott Whitefield,Bangalore,17-06-2024,20-06-2024,,40369.98,INR,Yes,Yes,,20.5,61.5,Approved,Yes,
RPT-010085,Ground - Auto Rickshaw,08-03-2023,EMP-0102,Meera Iyer,Procurement,CC-PRO-001,GM Procurement,Mumbai,Internal Meeting,Corporate Card,,,,,,,,,,,,,,Auto Rickshaw,7701,INR,Yes,Yes,,0.149,3.13,Approved,Yes,
RPT-010086,Air Travel,04-01-2025,EMP-0167,Rohit Joshi,Finance,CC-FIN-002,Analyst,Pune,Audit,Personal Card,DEL,BLR,Delhi,Bangalore,,6E,Air India,6E384,Business,,,,,,33984.41,INR,Yes,No,Domestic business/first not permitted without VP approval,,,Approved,Yes,
RPT-010087,Hotel,03-04-2023,EMP-0011,Rajesh Sharma,Finance,CC-FIN-001,VP Finance,Mumbai,Board Meeting,Personal Card,,,,,,,,,,The Westin,Chennai,03-04-2023,06-04-2023,,45276.66,INR,Yes,No,Hotel rate exceeds INR 15000/night policy cap,20.5,61.5,Approved,Yes,
RPT-010088,Ground - Airport Transfer,25-10-2023,EMP-0219,Nikhil Desai,Procurement,CC-PRO-002,Analyst,Mumbai,Board Meeting,Corporate Card,,,,,,,,,,,,,,Airport Transfer,4955.38,INR,Yes,Yes,,,,Approved,Yes,
RPT-010089,Air Travel,07-10-2024,EMP-0102,Meera Iyer,Procurement,CC-PRO-001,GM Procurement,Mumbai,Audit,Corporate Card,DEL,BLR,Delhi,Bangalore,2082,6E,Air India,6E481,Business,,,,,,21045.98,INR,Yes,No,Domestic business/first not permitted without VP approval,0.255,530.91,Approved,Yes,
RPT-010090,Hotel,30-10-2023,EMP-0089,Vikram Singh,IT,CC-IT-002,CTO,Delhi,Client Meeting,Corporate Card,,,,,,,,,,The Westin,Chennai,30-10-2023,02-11-2023,,38108.4,INR,Yes,Yes,,20.5,61.5,Rejected,Yes,
RPT-010091,Air Travel,01-10-2023,EMP-0102,Meera Iyer,Procurement,CC-PRO-001,GM Procurement,Mumbai,Tender Submission,Corporate Card,DEL,CCU,Delhi,Kolkata,1305,6E,IndiGo,6E844,Economy,,,,,,15045.16,INR,Yes,Yes,,0.255,665.55,Approved,Yes,
RPT-010092,Air Travel,19-05-2024,EMP-0167,Rohit Joshi,Finance,CC-FIN-002,Analyst,Pune,Client Meeting,Corporate Card,DEL,AMD,Delhi,Ahmedabad,950,6E,SpiceJet,6.00E+134,Business,,,,,,30703.71,INR,Yes,No,Domestic business/first not permitted without VP approval,0.255,484.5,Rejected,Yes,
RPT-010093,Air Travel,02-09-2023,EMP-0167,Rohit Joshi,Finance,CC-FIN-002,Analyst,Pune,Internal Meeting,Cash,BOM,BLR,Mumbai,Bangalore,984,6E,SpiceJet,6.00E+208,First,,,,,,78475.6,INR,Yes,No,Domestic business/first not permitted without VP approval,0.255,501.84,Rejected,Yes,
RPT-010094,Hotel,05-09-2024,EMP-0167,Rohit Joshi,Finance,CC-FIN-002,Analyst,Pune,Client Meeting,Cash,,,,,,,,,,Park Hyatt,Hyderabad,05-09-2024,10-09-2024,,85051.4,INR,Yes,No,Hotel rate exceeds INR 15000/night policy cap,20.5,102.5,Approved,Yes,
RPT-010095,Hotel,21-05-2024,EMP-0089,Vikram Singh,IT,CC-IT-002,CTO,Delhi,Conference,Corporate Card,,,,,,,,,,ITC Gardenia,Bangalore,21-05-2024,22-05-2024,,17899.63,INR,Yes,No,Hotel rate exceeds INR 15000/night policy cap,20.5,20.5,Approved,No,
RPT-010096,Air Travel,28-08-2023,EMP-0115,Arun Patel,Sales,CC-SAL-003,Sales Director,Ahmedabad,Internal Meeting,Personal Card,DEL,MAA,Delhi,Chennai,2182,AI,IndiGo,AI613,First,,,,,,65290.22,INR,Yes,No,Domestic business/first not permitted without VP approval,0.255,1112.82,Pending,Yes,
RPT-010097,Hotel,11-02-2024,EMP-0089,Vikram Singh,IT,CC-IT-002,CTO,Delhi,Site Visit,Corporate Card,,,,,,,,,,ITC Royal Bengal,Kolkata,11-02-2024,14-02-2024,,40978.74,INR,Yes,Yes,,20.5,61.5,Approved,Yes,
RPT-010098,Air Travel,25-06-2023,EMP-0128,Kavitha Menon,Legal,CC-LEG-001,Head Legal,Bangalore,Conference,Corporate Card,BOM,HYD,Mumbai,Hyderabad,,AI,IndiGo,AI733,Economy,,,,,,7087.99,INR,Yes,Yes,,,,Approved,Yes,
RPT-010099,Hotel,02-08-2023,EMP-0141,Sanjay Gupta,Strategy,CC-STR-001,CEO,Mumbai,Client Meeting,Corporate Card,,,,,,,,,,The Leela Palace,Bangalore,02-08-2023,06-08-2023,,92071.56,INR,Yes,No,Hotel rate exceeds INR 15000/night policy cap,20.5,82,Approved,Yes,
RPT-010100,Air Travel,14-12-2023,EMP-0219,Nikhil Desai,Procurement,CC-PRO-002,Analyst,Mumbai,Tender Submission,Personal Card,BOM,HKG,Mumbai,Hong Kong,4261,CX,Cathay Pacific,CX223,Economy,,,,,,44473.53,INR,Yes,Yes,,0.195,1661.79,Rejected,Yes,
RPT-010101,Hotel,09-02-2024,EMP-0154,Deepa Krishnan,Projects,CC-PRJ-002,Project Lead,Chennai,Training,Corporate Card,,,,,,,,,,Ibis Chennai,Chennai,09-02-2024,12-02-2024,,19687.8,INR,Yes,Yes,,20.5,61.5,Approved,No,
RPT-010102,Hotel,14-05-2023,EMP-0023,Priya Nair,Operations,CC-OPS-002,Sr Manager,Chennai,Site Visit,Corporate Card,,,,,,,,,,Novotel Techpark,Bangalore,14-05-2023,15-05-2023,,10008.29,INR,Yes,Yes,,20.5,20.5,Approved,No,
RPT-010103,Hotel,04-10-2023,EMP-0023,Priya Nair,Operations,CC-OPS-002,Sr Manager,Chennai,Audit,Corporate Card,,,,,,,,,,ITC Kohenur,Hyderabad,04-10-2023,07-10-2023,,62415.57,INR,Yes,No,Hotel rate exceeds INR 15000/night policy cap,20.5,61.5,Approved,Yes,
RPT-010104,Ground - Ola Outstation,25-06-2023,EMP-0115,Arun Patel,Sales,CC-SAL-003,Sales Director,Ahmedabad,Audit,Personal Card,,,,,,,,,,,,,,Ola Outstation,3341.05,INR,Yes,Yes,,0.17,62.05,Approved,Yes,
RPT-010105,Air Travel,23-10-2024,EMP-0011,Rajesh Sharma,Finance,CC-FIN-001,VP Finance,Mumbai,Internal Meeting,Corporate Card,BOM,DEL,Mumbai,Delhi,,AI,IndiGo,AI445,Business,,,,,,46460.27,INR,Yes,No,Domestic business/first not permitted without VP approval,,,Approved,Yes,
RPT-010106,Hotel,05-05-2023,EMP-0023,Priya Nair,Operations,CC-OPS-002,Sr Manager,Chennai,Training,Cash,,,,,,,,,,ITC Gardenia,Bangalore,05-05-2023,06-05-2023,,15689.75,INR,Yes,No,Hotel rate exceeds INR 15000/night policy cap,20.5,20.5,Rejected,Yes,
RPT-010107,Ground - Airport Transfer,02-07-2024,EMP-0011,Rajesh Sharma,Finance,CC-FIN-001,VP Finance,Mumbai,Conference,Corporate Card,,,,,,,,,,,,,,Airport Transfer,6841.35,INR,Yes,Yes,,0.17,26.18,Approved,Yes,
RPT-010108,Air Travel,04-07-2024,EMP-0167,Rohit Joshi,Finance,CC-FIN-002,Analyst,Pune,Audit,Corporate Card,BOM,SIN,Mumbai,Singapore,4140,SQ,Singapore Airlines,SQ222,First,,,,,,640415.09,INR,Yes,Yes,,0.975,8073,Approved,Yes,
RPT-010109,Air Travel,07-05-2023,EMP-0045,Amit Kulkarni,Supply Chain,CC-SCM-001,Manager,Pune,Site Visit,Corporate Card,MAA,HYD,Chennai,Hyderabad,,6E,Air India,6E662,Economy,,,,,,10013.42,INR,Yes,Yes,,,,Approved,Yes,
RPT-010110,Hotel,02-06-2024,EMP-0115,Arun Patel,Sales,CC-SAL-003,Sales Director,Ahmedabad,Audit,Cash,,,,,,,,,,Holiday Inn,London,02-06-2024,03-06-2024,,144.49,USD,Yes,Yes,,20.5,20.5,Rejected,No,
RPT-010111,Air Travel,05-11-2023,EMP-0115,Arun Patel,Sales,CC-SAL-003,Sales Director,Ahmedabad,Internal Meeting,Corporate Card,DEL,NRT,Delhi,Tokyo,5846,NH,ANA,NH524,Economy,,,,,,70567.65,INR,Yes,Yes,,0.195,1139.97,Approved,Yes,
RPT-010112,Hotel,22-11-2024,EMP-0180,Ananya Banerjee,Operations,CC-OPS-001,AGM,Kolkata,Site Visit,Corporate Card,,,,,,,,,,Novotel Ahmedabad,Ahmedabad,22-11-2024,27-11-2024,,45971.3,INR,Yes,Yes,,20.5,102.5,Approved,Yes,
RPT-010113,Air Travel,10-01-2024,EMP-0102,Meera Iyer,Procurement,CC-PRO-001,GM Procurement,Mumbai,Audit,Corporate Card,MAA,HYD,Chennai,Hyderabad,,6E,Air India,6E660,Economy,,,,,,17634.66,INR,Yes,Yes,,,,Pending,Yes,
RPT-010114,Air Travel,29-04-2024,EMP-0023,Priya Nair,Operations,CC-OPS-002,Sr Manager,Chennai,Site Visit,Corporate Card,BOM,DEL,Mumbai,Delhi,,AI,IndiGo,AI856,Business,,,,,,41250.01,INR,Yes,No,Domestic business/first not permitted without VP approval,,,Approved,Yes,
RPT-010115,Hotel,08-10-2023,EMP-0011,Rajesh Sharma,Finance,CC-FIN-001,VP Finance,Mumbai,Board Meeting,Personal Card,,,,,,,,,,ITC Grand Chola,Chennai,08-10-2023,13-10-2023,,92495.5,INR,Yes,No,Hotel rate exceeds INR 15000/night policy cap,20.5,102.5,Approved,No,
RPT-010116,Hotel,09-03-2023,EMP-0023,Priya Nair,Operations,CC-OPS-002,Sr Manager,Chennai,Tender Submission,Corporate Card,,,,,,,,,,The Gateway Hotel,Ahmedabad,09-03-2023,14-03-2023,,52045.3,INR,Yes,Yes,,20.5,102.5,Approved,Yes,
RPT-010117,Air Travel,21-10-2023,EMP-0089,Vikram Singh,IT,CC-IT-002,CTO,Delhi,Client Meeting,Personal Card,DEL,BLR,Delhi,Bangalore,,6E,Air India,6E693,Economy,,,,,,14845.82,INR,Yes,Yes,,,,Rejected,Yes,
RPT-010118,Air Travel,29-07-2023,EMP-0011,Rajesh Sharma,Finance,CC-FIN-001,VP Finance,Mumbai,Site Visit,Corporate Card,BOM,JFK,Mumbai,New York,12556,AI,Air India,AI349,Economy,,,,,,68753.05,SGD,Yes,Yes,,0.195,4896.84,Approved,No,
RPT-010119,Hotel,07-09-2023,EMP-0089,Vikram Singh,IT,CC-IT-002,CTO,Delhi,Site Visit,Personal Card,,,,,,,,,,Mandarin Oriental,Singapore,07-09-2023,11-09-2023,,1551.35,USD,Yes,Yes,,20.5,82,Approved,Yes,
RPT-010120,Ground - Uber/Ola,03-03-2023,EMP-0180,Ananya Banerjee,Operations,CC-OPS-001,AGM,Kolkata,Training,Corporate Card,,,,,,,,,,,,,,Uber/Ola,4968.91,INR,Yes,Yes,,0.149,2.98,Approved,No,
RPT-010121,Hotel,14-06-2023,EMP-0089,Vikram Singh,IT,CC-IT-002,CTO,Delhi,Audit,Cash,,,,,,,,,,Hyatt Regency Pune,Pune,14-06-2023,17-06-2023,,49594.92,INR,Yes,No,Hotel rate exceeds INR 15000/night policy cap,20.5,61.5,Approved,Yes,
RPT-010122,Ground - Ola Outstation,29-10-2023,EMP-0193,Suresh Kumar,Sales,CC-SAL-001,Regional Head,Delhi,Board Meeting,Corporate Card,,,,,,,,,,,,,,Ola Outstation,1484.63,INR,Yes,Yes,,0.17,20.74,Approved,No,
RPT-010123,Ground - Auto Rickshaw,02-09-2024,EMP-0011,Rajesh Sharma,Finance,CC-FIN-001,VP Finance,Mumbai,Project Review,Corporate Card,,,,,,,,,,,,,,Auto Rickshaw,6008.23,INR,Yes,Yes,,0.149,3.87,Approved,No,
RPT-010124,Air Travel,01-02-2023,EMP-0011,Rajesh Sharma,Finance,CC-FIN-001,VP Finance,Mumbai,Conference,Corporate Card,BOM,SIN,Mumbai,Singapore,4140,SQ,Singapore Airlines,SQ418,First,,,,,,725014.22,INR,Yes,Yes,,0.975,4036.5,Approved,Yes,
RPT-010125,Hotel,27-12-2023,EMP-0115,Arun Patel,Sales,CC-SAL-003,Sales Director,Ahmedabad,Project Review,Corporate Card,,,,,,,,,,Taj Coromandel,Chennai,27-12-2023,01-01-2024,,81506,INR,Yes,No,Hotel rate exceeds INR 15000/night policy cap,20.5,102.5,Approved,Yes,
RPT-010126,Hotel,06-07-2024,EMP-0154,Deepa Krishnan,Projects,CC-PRJ-002,Project Lead,Chennai,Audit,Corporate Card,,,,,,,,,,Ibis Pune,Pune,06-07-2024,08-07-2024,,10139,INR,Yes,Yes,,20.5,41,Approved,Yes,
RPT-010127,Hotel,17-03-2024,EMP-0128,Kavitha Menon,Legal,CC-LEG-001,Head Legal,Bangalore,Project Review,Corporate Card,,,,,,,,,,Taj Falaknuma,Hyderabad,17-03-2024,20-03-2024,,108695.28,INR,Yes,No,Hotel rate exceeds INR 15000/night policy cap,20.5,61.5,Pending,Yes,
RPT-010128,Air Travel,21-02-2023,EMP-0045,Amit Kulkarni,Supply Chain,CC-SCM-001,Manager,Pune,Site Visit,Personal Card,BOM,HYD,Mumbai,Hyderabad,711,AI,IndiGo,AI319,Economy,,,,,,14479.04,INR,Yes,Yes,,0.255,181.31,Rejected,No,
RPT-010129,Ground - Taxi,07-11-2023,EMP-0045,Amit Kulkarni,Supply Chain,CC-SCM-001,Manager,Pune,Internal Meeting,Corporate Card,,,,,,,,,,,,,,Taxi,3915.91,INR,Yes,Yes,,,,Approved,No,
RPT-010130,Hotel,27-05-2023,EMP-0154,Deepa Krishnan,Projects,CC-PRJ-002,Project Lead,Chennai,Internal Meeting,Cash,,,,,,,,,,ITC Grand Chola,Chennai,27-05-2023,31-05-2023,,70074.12,INR,Yes,No,Hotel rate exceeds INR 15000/night policy cap,20.5,82,Approved,Yes,
RPT-010131,Air Travel,04-08-2024,EMP-0219,Nikhil Desai,Procurement,CC-PRO-002,Analyst,Mumbai,Site Visit,Personal Card,BOM,SIN,Mumbai,Singapore,4140,SQ,Singapore Airlines,SQ381,Business,,,,,,381738.04,INR,Yes,Yes,,0.585,2421.9,Rejected,Yes,
RPT-010132,Hotel,10-10-2024,EMP-0115,Arun Patel,Sales,CC-SAL-003,Sales Director,Ahmedabad,Training,Personal Card,,,,,,,,,,ITC Royal Bengal,Kolkata,10-10-2024,11-10-2024,,16569.96,INR,Yes,No,Hotel rate exceeds INR 15000/night policy cap,20.5,20.5,Approved,Yes,
RPT-010133,Hotel,31-12-2023,EMP-0102,Meera Iyer,Procurement,CC-PRO-001,GM Procurement,Mumbai,Audit,Cash,,,,,,,,,,Hyatt Regency,Kolkata,31-12-2023,02-01-2024,,20292.74,INR,Yes,Yes,,20.5,41,Approved,Yes,
RPT-010134,Hotel,08-10-2024,EMP-0167,Rohit Joshi,Finance,CC-FIN-002,Analyst,Pune,Tender Submission,Corporate Card,,,,,,,,,,Crowne Plaza,Ahmedabad,08-10-2024,09-10-2024,,12060.41,INR,Yes,Yes,,20.5,20.5,Approved,Yes,
RPT-010135,Hotel,30-07-2024,EMP-0045,Amit Kulkarni,Supply Chain,CC-SCM-001,Manager,Pune,Conference,Corporate Card,,,,,,,,,,Taj Coromandel,Chennai,30-07-2024,03-08-2024,,84579.04,INR,Yes,No,Hotel rate exceeds INR 15000/night policy cap,20.5,82,Pending,Yes,
RPT-010136,Hotel,22-04-2023,EMP-0128,Kavitha Menon,Legal,CC-LEG-001,Head Legal,Bangalore,Training,Cash,,,,,,,,,,Trident Hyderabad,Hyderabad,22-04-2023,26-04-2023,,44685.32,INR,Yes,Yes,,20.5,82,Approved,Yes,
RPT-010137,Hotel,20-08-2024,EMP-0102,Meera Iyer,Procurement,CC-PRO-001,GM Procurement,Mumbai,Board Meeting,Corporate Card,,,,,,,,,,Hyatt Place,Ahmedabad,20-08-2024,23-08-2024,,24538.2,INR,Yes,Yes,,20.5,61.5,Approved,Yes,
RPT-010138,Air Travel,11-12-2024,EMP-0219,Nikhil Desai,Procurement,CC-PRO-002,Analyst,Mumbai,Board Meeting,Corporate Card,DEL,CCU,Delhi,Kolkata,,6E,IndiGo,6E697,Economy,,,,,,13882.84,INR,Yes,Yes,,,,Approved,Yes,
RPT-010139,Air Travel,16-10-2023,EMP-0102,Meera Iyer,Procurement,CC-PRO-001,GM Procurement,Mumbai,Conference,Personal Card,BOM,PNQ,Mumbai,Pune,149,AI,IndiGo,AI245,First,,,,,,83571.4,INR,Yes,No,Domestic business/first not permitted without VP approval,0.255,75.99,Rejected,Yes,
RPT-010140,Ground - Train/Metro,21-06-2024,EMP-0128,Kavitha Menon,Legal,CC-LEG-001,Head Legal,Bangalore,Board Meeting,Cash,,,,,,,,,,,,,,Train/Metro,3505.95,INR,Yes,Yes,,0.17,45.39,Approved,No,
RPT-010141,Air Travel,11-06-2024,EMP-0128,Kavitha Menon,Legal,CC-LEG-001,Head Legal,Bangalore,Audit,Personal Card,DEL,HYD,Delhi,Hyderabad,,AI,SpiceJet,AI371,Economy,,,,,,17163.04,INR,Yes,Yes,,,,Pending,Yes,
RPT-010142,Air Travel,29-04-2024,EMP-0154,Deepa Krishnan,Projects,CC-PRJ-002,Project Lead,Chennai,Audit,Personal Card,BOM,JFK,Mumbai,New York,12556,AI,Air India,AI287,Business,,,,,,228900.8,INR,Yes,Yes,,0.585,7345.26,Approved,No,
RPT-010143,Air Travel,08-07-2023,EMP-0115,Arun Patel,Sales,CC-SAL-003,Sales Director,Ahmedabad,Board Meeting,Corporate Card,DEL,MAA,Delhi,Chennai,2182,AI,IndiGo,AI985,First,,,,,,81456.9,INR,Yes,No,Domestic business/first not permitted without VP approval,0.255,1112.82,Approved,Yes,
RPT-010144,Air Travel,01-08-2023,EMP-0219,Nikhil Desai,Procurement,CC-PRO-002,Analyst,Mumbai,Tender Submission,Corporate Card,BOM,DEL,Mumbai,Delhi,1415,AI,IndiGo,AI873,Economy,,,,,,20311.23,INR,Yes,Yes,,0.255,721.65,Approved,Yes,
RPT-010145,Air Travel,25-06-2023,EMP-0128,Kavitha Menon,Legal,CC-LEG-001,Head Legal,Bangalore,Audit,Cash,DEL,AMD,Delhi,Ahmedabad,950,6E,SpiceJet,6E905,Economy,,,,,,9363.42,INR,Yes,Yes,,0.255,484.5,Approved,Yes,
RPT-010146,Hotel,16-04-2023,EMP-0128,Kavitha Menon,Legal,CC-LEG-001,Head Legal,Bangalore,Project Review,Personal Card,,,,,,,,,,The Imperial Delhi,Delhi,16-04-2023,21-04-2023,,114120.45,INR,Yes,No,Hotel rate exceeds INR 15000/night policy cap,20.5,102.5,Pending,Yes,
RPT-010147,Air Travel,20-02-2024,EMP-0102,Meera Iyer,Procurement,CC-PRO-001,GM Procurement,Mumbai,Board Meeting,Personal Card,DEL,AMD,Delhi,Ahmedabad,950,6E,SpiceJet,6E472,Business,,,,,,33903.28,INR,Yes,No,Domestic business/first not permitted without VP approval,0.255,242.25,Approved,No,
RPT-010148,Air Travel,25-08-2023,EMP-0219,Nikhil Desai,Procurement,CC-PRO-002,Analyst,Mumbai,Client Meeting,Corporate Card,DEL,AMD,Delhi,Ahmedabad,950,6E,SpiceJet,6.00E+271,Business,,,,,,26505.83,INR,Yes,No,Domestic business/first not permitted without VP approval,0.255,242.25,Pending,Yes,
RPT-010149,Air Travel,23-02-2024,EMP-0167,Rohit Joshi,Finance,CC-FIN-002,Analyst,Pune,Training,Corporate Card,DEL,AMD,Delhi,Ahmedabad,950,6E,SpiceJet,6.00E+121,Business,,,,,,38823.34,INR,Yes,No,Domestic business/first not permitted without VP approval,0.255,484.5,Approved,Yes,
RPT-010150,Air Travel,06-10-2024,EMP-0023,Priya Nair,Operations,CC-OPS-002,Sr Manager,Chennai,Conference,Corporate Card,BOM,LHR,Mumbai,London,7189,AI,Air India,AI179,Economy,,,,,,46611.73,INR,Yes,Yes,,0.195,2803.71,Pending,Yes,
RPT-010151,Ground - Train/Metro,26-09-2024,EMP-0141,Sanjay Gupta,Strategy,CC-STR-001,CEO,Mumbai,Internal Meeting,Corporate Card,,,,,,,,,,,,,,Train/Metro,1639.78,INR,Yes,Yes,,0.17,35.87,Rejected,Yes,
RPT-010152,Ground - Bus,18-08-2024,EMP-0180,Ananya Banerjee,Operations,CC-OPS-001,AGM,Kolkata,Conference,Corporate Card,,,,,,,,,,,,,,Bus,7241.45,INR,Yes,Yes,,0.17,35.7,Rejected,Yes,
RPT-010153,Hotel,17-02-2024,EMP-0023,Priya Nair,Operations,CC-OPS-002,Sr Manager,Chennai,Internal Meeting,Corporate Card,,,,,,,,,,Park Hyatt,Hyderabad,17-02-2024,19-02-2024,,27282.18,INR,Yes,Yes,,20.5,41,Approved,No,
RPT-010154,Air Travel,31-12-2023,EMP-0115,Arun Patel,Sales,CC-SAL-003,Sales Director,Ahmedabad,Site Visit,Corporate Card,BOM,CCU,Mumbai,Kolkata,,6E,Air India,6.00E+139,Economy,,,,,,5201.44,INR,Yes,Yes,,,,Approved,Yes,
RPT-010155,Ground - Airport Transfer,13-12-2023,EMP-0115,Arun Patel,Sales,CC-SAL-003,Sales Director,Ahmedabad,Project Review,Corporate Card,,,,,,,,,,,,,,Airport Transfer,4426.94,INR,Yes,Yes,,,,Approved,Yes,
RPT-010156,Hotel,09-02-2024,EMP-0180,Ananya Banerjee,Operations,CC-OPS-001,AGM,Kolkata,Client Meeting,Cash,,,,,,,,,,Sofitel Gatwick,London,09-02-2024,14-02-2024,,1118.58,EUR,Yes,Yes,,20.5,102.5,Approved,Yes,
RPT-010157,Hotel,28-11-2023,EMP-0154,Deepa Krishnan,Projects,CC-PRJ-002,Project Lead,Chennai,Audit,Corporate Card,,,,,,,,,,Park Hyatt Tokyo,Tokyo,28-11-2023,03-12-2023,,323750.85,INR,Yes,Yes,,20.5,102.5,Approved,Yes,
RPT-010158,Ground - Uber/Ola,16-10-2023,EMP-0206,Lakshmi Pillai,R&D,CC-RND-001,Scientist,Bangalore,Project Review,Corporate Card,,,,,,,,,,,,,,Uber/Ola,1065.97,INR,No,Yes,,,,Approved,Yes,
RPT-010159,Hotel,07-10-2023,EMP-0141,Sanjay Gupta,Strategy,CC-STR-001,CEO,Mumbai,Client Meeting,Corporate Card,,,,,,,,,,Westin New York,New York,07-10-2023,12-10-2023,,2005.88,EUR,Yes,Yes,,20.5,102.5,Approved,Yes,
RPT-010160,Air Travel,28-01-2023,EMP-0141,Sanjay Gupta,Strategy,CC-STR-001,CEO,Mumbai,Project Review,Cash,MAA,HYD,Chennai,Hyderabad,628,6E,Air India,6E943,Economy,,,,,,19353.62,INR,Yes,Yes,,0.255,320.28,Approved,No,
RPT-010161,Hotel,22-10-2024,EMP-0206,Lakshmi Pillai,R&D,CC-RND-001,Scientist,Bangalore,Board Meeting,Corporate Card,,,,,,,,,,Marriott Champs-Elysees,Paris,22-10-2024,23-10-2024,,532.01,USD,Yes,Yes,,20.5,20.5,Approved,Yes,
RPT-010162,Air Travel,04-09-2024,EMP-0180,Ananya Banerjee,Operations,CC-OPS-001,AGM,Kolkata,Site Visit,Corporate Card,BOM,DEL,Mumbai,Delhi,1415,AI,IndiGo,AI819,Economy,,,,,,7651.95,INR,Yes,Yes,,0.255,721.65,Approved,Yes,
RPT-010163,Hotel,17-03-2023,EMP-0167,Rohit Joshi,Finance,CC-FIN-002,Analyst,Pune,Board Meeting,Corporate Card,,,,,,,,,,The Leela Palace,Bangalore,17-03-2023,22-03-2023,,100700.3,INR,Yes,No,Hotel rate exceeds INR 15000/night policy cap,20.5,102.5,Rejected,No,
RPT-010164,Ground - Ola Outstation,02-05-2023,EMP-0206,Lakshmi Pillai,R&D,CC-RND-001,Scientist,Bangalore,Conference,Cash,,,,,,,,,,,,,,Ola Outstation,5215.77,INR,Yes,Yes,,0.17,31.79,Approved,Yes,
RPT-010165,Air Travel,18-02-2023,EMP-0089,Vikram Singh,IT,CC-IT-002,CTO,Delhi,Site Visit,Cash,BOM,BLR,Mumbai,Bangalore,,6E,SpiceJet,6.00E+162,Economy,,,,,,19330.19,INR,Yes,Yes,,,,Approved,No,
RPT-010166,Hotel,19-08-2024,EMP-0167,Rohit Joshi,Finance,CC-FIN-002,Analyst,Pune,Tender Submission,Personal Card,,,,,,,,,,Park Hyatt,Hyderabad,19-08-2024,21-08-2024,,32272.5,INR,Yes,No,Hotel rate exceeds INR 15000/night policy cap,20.5,41,Approved,Yes,
RPT-010167,Ground - Auto Rickshaw,03-07-2024,EMP-0219,Nikhil Desai,Procurement,CC-PRO-002,Analyst,Mumbai,Board Meeting,Corporate Card,,,,,,,,,,,,,,Auto Rickshaw,4757.79,INR,Yes,Yes,,0.149,0.74,Approved,Yes,
RPT-010168,Ground - Airport Transfer,09-09-2024,EMP-0115,Arun Patel,Sales,CC-SAL-003,Sales Director,Ahmedabad,Client Meeting,Cash,,,,,,,,,,,,,,Airport Transfer,4886.43,INR,Yes,Yes,,0.17,48.45,Approved,Yes,
RPT-010169,Hotel,14-10-2024,EMP-0193,Suresh Kumar,Sales,CC-SAL-001,Regional Head,Delhi,Board Meeting,Corporate Card,,,,,,,,,,Lemon Tree,Hyderabad,14-10-2024,19-10-2024,,36526.2,INR,Yes,Yes,,20.5,102.5,Approved,Yes,
RPT-010170,Air Travel,18-09-2024,EMP-0115,Arun Patel,Sales,CC-SAL-003,Sales Director,Ahmedabad,Client Meeting,Corporate Card,BOM,JFK,Mumbai,New York,12556,AI,Air India,AI442,Economy,,,,,,67153.18,USD,Yes,Yes,,0.195,2448.42,Approved,Yes,
RPT-010171,Air Travel,30-11-2023,EMP-0128,Kavitha Menon,Legal,CC-LEG-001,Head Legal,Bangalore,Project Review,Cash,BOM,DXB,Mumbai,Dubai,1935,EK,Emirates,EK135,Economy,,,,,,34015.84,INR,Yes,Yes,,0.195,754.65,Approved,No,
RPT-010172,Ground - Bus,22-11-2023,EMP-0089,Vikram Singh,IT,CC-IT-002,CTO,Delhi,Project Review,Corporate Card,,,,,,,,,,,,,,Bus,5855.42,INR,Yes,Yes,,0.17,40.46,Approved,Yes,
RPT-010173,Hotel,25-11-2023,EMP-0115,Arun Patel,Sales,CC-SAL-003,Sales Director,Ahmedabad,Tender Submission,Corporate Card,,,,,,,,,,ITC Kohenur,Hyderabad,25-11-2023,26-11-2023,,17430.07,INR,Yes,No,Hotel rate exceeds INR 15000/night policy cap,20.5,20.5,Approved,Yes,
RPT-010174,Air Travel,15-12-2024,EMP-0067,Sunita Reddy,HR,CC-HR-001,Director HR,Hyderabad,Audit,Corporate Card,BOM,DXB,Mumbai,Dubai,1935,EK,Emirates,EK270,Business,,,,,,327000.17,INR,Yes,Yes,,0.585,2263.95,Approved,Yes,
RPT-010175,Air Travel,07-06-2023,EMP-0067,Sunita Reddy,HR,CC-HR-001,Director HR,Hyderabad,Site Visit,Cash,DEL,CCU,Delhi,Kolkata,1305,6E,IndiGo,6E308,Economy,,,,,,11064.8,INR,Yes,Yes,,0.255,665.55,Rejected,Yes,
RPT-010176,Hotel,20-10-2024,EMP-0206,Lakshmi Pillai,R&D,CC-RND-001,Scientist,Bangalore,Internal Meeting,Corporate Card,,,,,,,,,,Taj Coromandel,Chennai,20-10-2024,21-10-2024,,17384.52,INR,Yes,No,Hotel rate exceeds INR 15000/night policy cap,20.5,20.5,Approved,Yes,
RPT-010177,Ground - Auto Rickshaw,29-12-2023,EMP-0089,Vikram Singh,IT,CC-IT-002,CTO,Delhi,Training,Corporate Card,,,,,,,,,,,,,,Auto Rickshaw,7377.31,INR,Yes,Yes,,,,Approved,Yes,
RPT-010178,Hotel,27-03-2023,EMP-0128,Kavitha Menon,Legal,CC-LEG-001,Head Legal,Bangalore,Site Visit,Corporate Card,,,,,,,,,,Ibis Chennai,Chennai,27-03-2023,01-04-2023,,24397.4,INR,Yes,Yes,,20.5,102.5,Approved,Yes,
RPT-010179,Hotel,09-11-2024,EMP-0219,Nikhil Desai,Procurement,CC-PRO-002,Analyst,Mumbai,Training,Corporate Card,,,,,,,,,,ITC Royal Bengal,Kolkata,09-11-2024,11-11-2024,,29898,INR,Yes,Yes,,20.5,41,Approved,No,
RPT-010180,Air Travel,20-09-2023,EMP-0128,Kavitha Menon,Legal,CC-LEG-001,Head Legal,Bangalore,Board Meeting,Personal Card,DEL,JFK,Delhi,New York,11755,UA,United Airlines,UA128,Business,,,,,,360568.06,INR,Yes,Yes,,0.585,6876.67,Approved,No,
RPT-010181,Air Travel,04-12-2024,EMP-0167,Rohit Joshi,Finance,CC-FIN-002,Analyst,Pune,Conference,Corporate Card,BOM,AMD,Mumbai,Ahmedabad,530,AI,Air India,AI474,Business,,,,,,43191.53,INR,Yes,No,Domestic business/first not permitted without VP approval,0.255,270.3,Rejected,No,
RPT-010182,Air Travel,05-11-2024,EMP-0115,Arun Patel,Sales,CC-SAL-003,Sales Director,Ahmedabad,Project Review,Corporate Card,BOM,BLR,Mumbai,Bangalore,984,6E,SpiceJet,6E548,Business,,,,,,36804.19,INR,Yes,No,Domestic business/first not permitted without VP approval,0.255,250.92,Pending,Yes,
RPT-010183,Air Travel,08-05-2024,EMP-0115,Arun Patel,Sales,CC-SAL-003,Sales Director,Ahmedabad,Training,Corporate Card,DEL,AMD,Delhi,Ahmedabad,950,6E,SpiceJet,6E789,Economy,,,,,,7696.26,INR,Yes,Yes,,0.255,242.25,Approved,Yes,
RPT-010184,Hotel,05-03-2024,EMP-0193,Suresh Kumar,Sales,CC-SAL-001,Regional Head,Delhi,Audit,Personal Card,,,,,,,,,,The Leela Palace,Delhi,05-03-2024,10-03-2024,,129008.8,INR,Yes,No,Hotel rate exceeds INR 15000/night policy cap,20.5,102.5,Approved,No,
RPT-010185,Ground - Auto Rickshaw,08-10-2024,EMP-0167,Rohit Joshi,Finance,CC-FIN-002,Analyst,Pune,Project Review,Personal Card,,,,,,,,,,,,,,Auto Rickshaw,1378.3,INR,Yes,Yes,,0.149,4.17,Pending,No,
RPT-010186,Air Travel,28-10-2023,EMP-0115,Arun Patel,Sales,CC-SAL-003,Sales Director,Ahmedabad,Internal Meeting,Cash,BOM,PNQ,Mumbai,Pune,149,AI,IndiGo,AI592,Economy,,,,,,18553.49,INR,Yes,Yes,,0.255,37.99,Approved,No,
RPT-010187,Hotel,27-10-2024,EMP-0128,Kavitha Menon,Legal,CC-LEG-001,Head Legal,Bangalore,Internal Meeting,Cash,,,,,,,,,,Novotel Ahmedabad,Ahmedabad,27-10-2024,31-10-2024,,40229.96,INR,Yes,Yes,,20.5,82,Rejected,Yes,
RPT-010188,Air Travel,10-06-2024,EMP-0167,Rohit Joshi,Finance,CC-FIN-002,Analyst,Pune,Training,Corporate Card,BOM,DXB,Mumbai,Dubai,1935,EK,Emirates,EK401,Economy,,,,,,47552.58,INR,Yes,Yes,,0.195,754.65,Approved,Yes,
RPT-010189,Ground - Bus,16-07-2024,EMP-0180,Ananya Banerjee,Operations,CC-OPS-001,AGM,Kolkata,Project Review,Corporate Card,,,,,,,,,,,,,,Bus,1071.7,INR,Yes,Yes,,0.17,19.72,Approved,Yes,
RPT-010190,Hotel,05-02-2024,EMP-0128,Kavitha Menon,Legal,CC-LEG-001,Head Legal,Bangalore,Site Visit,Cash,,,,,,,,,,ITC Royal Bengal,Kolkata,05-02-2024,09-02-2024,,59704.92,INR,Yes,Yes,,20.5,82,Approved,Yes,
RPT-010191,Air Travel,15-05-2024,EMP-0011,Rajesh Sharma,Finance,CC-FIN-001,VP Finance,Mumbai,Training,Corporate Card,BLR,HYD,Bangalore,Hyderabad,,6E,IndiGo,6E604,Economy,,,,,,4520.79,INR,Yes,Yes,,,,Approved,No,
RPT-010192,Ground - Corporate Car,18-09-2023,EMP-0206,Lakshmi Pillai,R&D,CC-RND-001,Scientist,Bangalore,Internal Meeting,Personal Card,,,,,,,,,,,,,,Corporate Car,2177.2,INR,Yes,Yes,,0.17,52.02,Approved,Yes,
RPT-010193,Hotel,28-04-2024,EMP-0011,Rajesh Sharma,Finance,CC-FIN-001,VP Finance,Mumbai,Site Visit,Corporate Card,,,,,,,,,,Hyatt Place,Ahmedabad,28-04-2024,02-05-2024,,33704.28,INR,Yes,Yes,,20.5,82,Approved,Yes,
RPT-010194,Air Travel,14-03-2024,EMP-0219,Nikhil Desai,Procurement,CC-PRO-002,Analyst,Mumbai,Internal Meeting,Corporate Card,DEL,NRT,Delhi,Tokyo,5846,NH,ANA,NH927,Business,,,,,,406789.56,INR,Yes,Yes,,0.585,6839.82,Approved,Yes,
RPT-010195,Air Travel,14-03-2024,EMP-0141,Sanjay Gupta,Strategy,CC-STR-001,CEO,Mumbai,Board Meeting,Cash,BOM,JFK,Mumbai,New York,,AI,Air India,AI281,Business,,,,,,417961.27,USD,Yes,Yes,,,,Pending,Yes,
RPT-010196,Hotel,11-12-2023,EMP-0011,Rajesh Sharma,Finance,CC-FIN-001,VP Finance,Mumbai,Board Meeting,Cash,,,,,,,,,,Hyatt Place,Ahmedabad,11-12-2023,14-12-2023,,27033.42,INR,Yes,Yes,,20.5,61.5,Approved,Yes,
RPT-010197,Ground - Taxi,19-10-2023,EMP-0128,Kavitha Menon,Legal,CC-LEG-001,Head Legal,Bangalore,Site Visit,Corporate Card,,,,,,,,,,,,,,Taxi,717.38,INR,Yes,Yes,,,,Rejected,Yes,
RPT-010198,Air Travel,08-08-2024,EMP-0141,Sanjay Gupta,Strategy,CC-STR-001,CEO,Mumbai,Conference,Corporate Card,DEL,HYD,Delhi,Hyderabad,1253,AI,SpiceJet,AI951,Economy,,,,,,16743.6,INR,Yes,Yes,,0.255,639.03,Pending,Yes,
RPT-010199,Ground - Airport Transfer,09-04-2023,EMP-0180,Ananya Banerjee,Operations,CC-OPS-001,AGM,Kolkata,Audit,Cash,,,,,,,,,,,,,,Airport Transfer,215.72,INR,Yes,Yes,,0.17,39.1,Approved,No,
RPT-010200,Air Travel,16-02-2024,EMP-0154,Deepa Krishnan,Projects,CC-PRJ-002,Project Lead,Chennai,Client Meeting,Corporate Card,DEL,CDG,Delhi,Paris,6567,AF,Air France,AF350,Economy,,,,,,65414.93,USD,Yes,Yes,,0.195,2561.13,Approved,Yes,
RPT-010201,Hotel,02-11-2023,EMP-0089,Vikram Singh,IT,CC-IT-002,CTO,Delhi,Audit,Personal Card,,,,,,,,,,Hilton Midtown,New York,02-11-2023,05-11-2023,,147446.25,INR,Yes,Yes,,20.5,61.5,Approved,Yes,
RPT-010202,Hotel,04-10-2023,EMP-0023,Priya Nair,Operations,CC-OPS-002,Sr Manager,Chennai,Training,Corporate Card,,,,,,,,,,Hyatt Regency,Kolkata,04-10-2023,09-10-2023,,51795.05,INR,Yes,Yes,,20.5,102.5,Pending,Yes,
RPT-010203,Air Travel,07-06-2023,EMP-0219,Nikhil Desai,Procurement,CC-PRO-002,Analyst,Mumbai,Conference,Cash,DEL,BLR,Delhi,Bangalore,2082,6E,Air India,6E472,First,,,,,,77420.15,INR,Yes,No,Domestic business/first not permitted without VP approval,0.255,1061.82,Rejected,Yes,
RPT-010204,Hotel,30-10-2024,EMP-0067,Sunita Reddy,HR,CC-HR-001,Director HR,Hyderabad,Site Visit,Corporate Card,,,,,,,,,,Ibis Chennai,Chennai,30-10-2024,04-11-2024,,25738.8,INR,Yes,Yes,,20.5,102.5,Approved,No,
RPT-010205,Ground - Train/Metro,13-01-2024,EMP-0128,Kavitha Menon,Legal,CC-LEG-001,Head Legal,Bangalore,Site Visit,Corporate Card,,,,,,,,,,,,,,Train/Metro,1340.01,INR,Yes,Yes,,0.17,6.12,Approved,Yes,
RPT-010206,Ground - Ola Outstation,30-09-2023,EMP-0219,Nikhil Desai,Procurement,CC-PRO-002,Analyst,Mumbai,Board Meeting,Corporate Card,,,,,,,,,,,,,,Ola Outstation,4467.22,INR,Yes,Yes,,0.17,64.09,Rejected,Yes,
RPT-010207,Hotel,23-10-2024,EMP-0115,Arun Patel,Sales,CC-SAL-003,Sales Director,Ahmedabad,Client Meeting,Cash,,,,,,,,,,Taj Falaknuma,Hyderabad,23-10-2024,28-10-2024,,163496.35,INR,Yes,No,Hotel rate exceeds INR 15000/night policy cap,20.5,102.5,Approved,Yes,
RPT-010208,Ground - Ola Outstation,19-08-2024,EMP-0045,Amit Kulkarni,Supply Chain,CC-SCM-001,Manager,Pune,Site Visit,Cash,,,,,,,,,,,,,,Ola Outstation,2744.61,INR,Yes,Yes,,0.17,38.25,Rejected,Yes,
RPT-010209,Air Travel,26-09-2024,EMP-0167,Rohit Joshi,Finance,CC-FIN-002,Analyst,Pune,Board Meeting,Cash,BOM,CCU,Mumbai,Kolkata,1672,6E,Air India,6E866,Economy,,,,,,14329.52,INR,Yes,Yes,,0.255,852.72,Approved,Yes,
RPT-010210,Air Travel,12-05-2024,EMP-0045,Amit Kulkarni,Supply Chain,CC-SCM-001,Manager,Pune,Project Review,Corporate Card,BOM,AMD,Mumbai,Ahmedabad,,AI,Air India,AI626,Economy,,,,,,6526.68,INR,Yes,Yes,,,,Approved,Yes,
RPT-010211,Air Travel,14-11-2024,EMP-0011,Rajesh Sharma,Finance,CC-FIN-001,VP Finance,Mumbai,Audit,Corporate Card,DEL,JFK,Delhi,New York,11755,UA,United Airlines,UA969,Business,,,,,,271917.69,INR,Yes,Yes,,0.585,6876.67,Approved,Yes,
RPT-010212,Air Travel,14-12-2023,EMP-0023,Priya Nair,Operations,CC-OPS-002,Sr Manager,Chennai,Training,Cash,BOM,SIN,Mumbai,Singapore,4140,SQ,Singapore Airlines,SQ852,Economy,,,,,,41214.48,SGD,Yes,Yes,,0.195,1614.6,Pending,Yes,
RPT-010213,Hotel,18-09-2023,EMP-0115,Arun Patel,Sales,CC-SAL-003,Sales Director,Ahmedabad,Audit,Corporate Card,,,,,,,,,,The Leela Palace,Bangalore,18-09-2023,22-09-2023,,78183.4,INR,Yes,No,Hotel rate exceeds INR 15000/night policy cap,20.5,82,Approved,Yes,
RPT-010214,Hotel,30-05-2023,EMP-0115,Arun Patel,Sales,CC-SAL-003,Sales Director,Ahmedabad,Conference,Corporate Card,,,,,,,,,,Ibis Chennai,Chennai,30-05-2023,04-06-2023,,27598.6,INR,Yes,Yes,,20.5,102.5,Approved,No,
RPT-010215,Air Travel,12-09-2024,EMP-0067,Sunita Reddy,HR,CC-HR-001,Director HR,Hyderabad,Client Meeting,Corporate Card,BOM,PNQ,Mumbai,Pune,149,AI,IndiGo,AI826,Economy,,,,,,16518.06,INR,Yes,Yes,,0.255,75.99,Approved,No,
RPT-010216,Air Travel,26-02-2024,EMP-0193,Suresh Kumar,Sales,CC-SAL-001,Regional Head,Delhi,Audit,Corporate Card,BOM,AMD,Mumbai,Ahmedabad,530,AI,Air India,AI697,Business,,,,,,29089.01,INR,Yes,No,Domestic business/first not permitted without VP approval,0.255,270.3,Approved,Yes,
RPT-010217,Air Travel,19-05-2023,EMP-0023,Priya Nair,Operations,CC-OPS-002,Sr Manager,Chennai,Board Meeting,Cash,DEL,CCU,Delhi,Kolkata,1305,6E,IndiGo,6E986,Business,,,,,,36206.97,INR,Yes,No,Domestic business/first not permitted without VP approval,0.255,665.55,Rejected,Yes,
RPT-010218,Ground - Corporate Car,02-08-2024,EMP-0206,Lakshmi Pillai,R&D,CC-RND-001,Scientist,Bangalore,Internal Meeting,Corporate Card,,,,,,,,,,,,,,Corporate Car,3167.77,INR,Yes,Yes,,,,Approved,No,
RPT-010219,Air Travel,01-05-2023,EMP-0102,Meera Iyer,Procurement,CC-PRO-001,GM Procurement,Mumbai,Audit,Corporate Card,BOM,LHR,Mumbai,London,7189,AI,Air India,AI582,Business,,,,,,199081.03,INR,Yes,Yes,,0.585,4205.56,Approved,No,
RPT-010220,Hotel,24-08-2024,EMP-0045,Amit Kulkarni,Supply Chain,CC-SCM-001,Manager,Pune,Conference,Personal Card,,,,,,,,,,Lemon Tree,Hyderabad,24-08-2024,27-08-2024,,17905.92,INR,Yes,Yes,,20.5,61.5,Approved,Yes,
RPT-010221,Ground - Corporate Car,02-02-2023,EMP-0154,Deepa Krishnan,Projects,CC-PRJ-002,Project Lead,Chennai,Client Meeting,Corporate Card,,,,,,,,,,,,,,Corporate Car,6546.35,INR,Yes,Yes,,0.17,13.43,Rejected,No,
RPT-010222,Air Travel,15-11-2023,EMP-0180,Ananya Banerjee,Operations,CC-OPS-001,AGM,Kolkata,Site Visit,Corporate Card,BOM,MAA,Mumbai,Chennai,1337,6E,Air India,6E353,Economy,,,,,,15673.97,INR,Yes,Yes,,0.255,681.87,Approved,Yes,
RPT-010223,Air Travel,29-12-2024,EMP-0141,Sanjay Gupta,Strategy,CC-STR-001,CEO,Mumbai,Client Meeting,Corporate Card,BOM,FRA,Mumbai,Frankfurt,6200,LH,Lufthansa,LH841,Business,,,,,,355495.12,SGD,Yes,Yes,,0.585,7254,Approved,No,
RPT-010224,Hotel,05-06-2023,EMP-0023,Priya Nair,Operations,CC-OPS-002,Sr Manager,Chennai,Tender Submission,Corporate Card,,,,,,,,,,Premier Inn,Dubai,05-06-2023,06-06-2023,,128.9,EUR,Yes,Yes,,20.5,20.5,Approved,Yes,
RPT-010225,Ground - Auto Rickshaw,17-05-2023,EMP-0128,Kavitha Menon,Legal,CC-LEG-001,Head Legal,Bangalore,Site Visit,Personal Card,,,,,,,,,,,,,,Auto Rickshaw,3954.93,INR,Yes,Yes,,0.149,5.07,Approved,Yes,
RPT-010226,Air Travel,13-02-2024,EMP-0141,Sanjay Gupta,Strategy,CC-STR-001,CEO,Mumbai,Project Review,Personal Card,BOM,AMD,Mumbai,Ahmedabad,530,AI,Air India,AI483,Business,,,,,,40478.99,INR,Yes,No,Domestic business/first not permitted without VP approval,0.255,270.3,Pending,Yes,
RPT-010227,Hotel,25-02-2024,EMP-0193,Suresh Kumar,Sales,CC-SAL-001,Regional Head,Delhi,Tender Submission,Personal Card,,,,,,,,,,Trident Hyderabad,Hyderabad,25-02-2024,26-02-2024,,15103.3,INR,Yes,No,Hotel rate exceeds INR 15000/night policy cap,20.5,20.5,Approved,Yes,
RPT-010228,Air Travel,06-08-2024,EMP-0193,Suresh Kumar,Sales,CC-SAL-001,Regional Head,Delhi,Site Visit,Cash,BOM,CCU,Mumbai,Kolkata,,6E,Air India,6E661,Business,,,,,,30342.8,INR,Yes,No,Domestic business/first not permitted without VP approval,,,Approved,Yes,
RPT-010229,Air Travel,30-12-2023,EMP-0023,Priya Nair,Operations,CC-OPS-002,Sr Manager,Chennai,Tender Submission,Corporate Card,DEL,MAA,Delhi,Chennai,2182,AI,IndiGo,AI323,Economy,,,,,,14465.45,INR,Yes,Yes,,0.255,1112.82,Approved,Yes,
RPT-010230,Air Travel,24-07-2023,EMP-0023,Priya Nair,Operations,CC-OPS-002,Sr Manager,Chennai,Site Visit,Corporate Card,DEL,SIN,Delhi,Singapore,,SQ,Singapore Airlines,SQ162,Economy,,,,,,40116.28,INR,Yes,Yes,,,,Approved,Yes,
RPT-010231,Ground - Airport Transfer,04-07-2024,EMP-0193,Suresh Kumar,Sales,CC-SAL-001,Regional Head,Delhi,Conference,Corporate Card,,,,,,,,,,,,,,Airport Transfer,1579.02,INR,Yes,Yes,,,,Approved,No,
RPT-010232,Air Travel,08-07-2024,EMP-0089,Vikram Singh,IT,CC-IT-002,CTO,Delhi,Training,Corporate Card,BOM,CCU,Mumbai,Kolkata,1672,6E,Air India,6E745,First,,,,,,84719.09,INR,Yes,No,Domestic business/first not permitted without VP approval,0.255,852.72,Approved,Yes,
RPT-010233,Air Travel,16-01-2024,EMP-0154,Deepa Krishnan,Projects,CC-PRJ-002,Project Lead,Chennai,Project Review,Corporate Card,BOM,PNQ,Mumbai,Pune,149,AI,IndiGo,AI318,Business,,,,,,46862.51,INR,Yes,No,Domestic business/first not permitted without VP approval,0.255,75.99,Approved,No,
RPT-010234,Air Travel,12-01-2025,EMP-0154,Deepa Krishnan,Projects,CC-PRJ-002,Project Lead,Chennai,Audit,Corporate Card,BOM,JFK,Mumbai,New York,,AI,Air India,AI800,First,,,,,,762464.12,INR,Yes,Yes,,,,Approved,Yes,
RPT-010235,Hotel,26-02-2023,EMP-0206,Lakshmi Pillai,R&D,CC-RND-001,Scientist,Bangalore,Board Meeting,Personal Card,,,,,,,,,,ITC Grand Chola,Chennai,26-02-2023,27-02-2023,,18264.96,INR,Yes,No,Hotel rate exceeds INR 15000/night policy cap,20.5,20.5,Pending,Yes,
RPT-010236,Hotel,10-06-2023,EMP-0206,Lakshmi Pillai,R&D,CC-RND-001,Scientist,Bangalore,Audit,Corporate Card,,,,,,,,,,The Westin,Chennai,10-06-2023,15-06-2023,,76324.45,INR,Yes,No,Hotel rate exceeds INR 15000/night policy cap,20.5,102.5,Approved,Yes,
RPT-010237,Hotel,19-12-2024,EMP-0089,Vikram Singh,IT,CC-IT-002,CTO,Delhi,Training,Corporate Card,,,,,,,,,,Park Hyatt,Hyderabad,19-12-2024,24-12-2024,,84145.8,INR,Yes,No,Hotel rate exceeds INR 15000/night policy cap,20.5,102.5,Approved,Yes,
RPT-010238,Hotel,20-10-2023,EMP-0180,Ananya Banerjee,Operations,CC-OPS-001,AGM,Kolkata,Tender Submission,Corporate Card,,,,,,,,,,Taj Bengal,Kolkata,20-10-2023,21-10-2023,,16785.49,INR,Yes,No,Hotel rate exceeds INR 15000/night policy cap,20.5,20.5,Rejected,Yes,
RPT-010239,Air Travel,21-05-2023,EMP-0219,Nikhil Desai,Procurement,CC-PRO-002,Analyst,Mumbai,Site Visit,Personal Card,BOM,BLR,Mumbai,Bangalore,,6E,SpiceJet,6E571,Business,,,,,,39357.55,INR,Yes,No,Domestic business/first not permitted without VP approval,,,Approved,No,
RPT-010240,Ground - Bus,10-07-2024,EMP-0154,Deepa Krishnan,Projects,CC-PRJ-002,Project Lead,Chennai,Project Review,Cash,,,,,,,,,,,,,,Bus,4789.51,INR,Yes,Yes,,,,Approved,Yes,
RPT-010241,Hotel,09-07-2024,EMP-0180,Ananya Banerjee,Operations,CC-OPS-001,AGM,Kolkata,Audit,Personal Card,,,,,,,,,,ITC Gardenia,Bangalore,09-07-2024,12-07-2024,,53061.12,INR,Yes,No,Hotel rate exceeds INR 15000/night policy cap,20.5,61.5,Approved,Yes,
RPT-010242,Hotel,05-06-2024,EMP-0141,Sanjay Gupta,Strategy,CC-STR-001,CEO,Mumbai,Training,Cash,,,,,,,,,,Lemon Tree,Hyderabad,05-06-2024,06-06-2024,,6498.95,INR,Yes,Yes,,20.5,20.5,Approved,Yes,
RPT-010243,Air Travel,09-07-2023,EMP-0045,Amit Kulkarni,Supply Chain,CC-SCM-001,Manager,Pune,Site Visit,Corporate Card,MAA,HYD,Chennai,Hyderabad,628,6E,Air India,6E465,Business,,,,,,31877.91,INR,Yes,No,Domestic business/first not permitted without VP approval,0.255,320.28,Approved,Yes,
RPT-010244,Ground - Auto Rickshaw,17-03-2024,EMP-0167,Rohit Joshi,Finance,CC-FIN-002,Analyst,Pune,Client Meeting,Corporate Card,,,,,,,,,,,,,,Auto Rickshaw,717.66,INR,Yes,Yes,,,,Approved,Yes,
RPT-010245,Hotel,05-05-2023,EMP-0023,Priya Nair,Operations,CC-OPS-002,Sr Manager,Chennai,Site Visit,Corporate Card,,,,,,,,,,The Lalit,Kolkata,05-05-2023,06-05-2023,,11978.18,INR,Yes,Yes,,20.5,20.5,Rejected,Yes,
RPT-010246,Air Travel,16-12-2024,EMP-0089,Vikram Singh,IT,CC-IT-002,CTO,Delhi,Training,Personal Card,BOM,LHR,Mumbai,London,7189,AI,Air India,AI307,Business,,,,,,374150.58,INR,Yes,Yes,,0.585,4205.56,Rejected,Yes,
RPT-010247,Air Travel,20-08-2024,EMP-0206,Lakshmi Pillai,R&D,CC-RND-001,Scientist,Bangalore,Board Meeting,Corporate Card,BOM,AMD,Mumbai,Ahmedabad,,AI,Air India,AI320,First,,,,,,71944.56,INR,Yes,No,Domestic business/first not permitted without VP approval,,,Approved,Yes,
RPT-010248,Ground - Auto Rickshaw,08-03-2024,EMP-0167,Rohit Joshi,Finance,CC-FIN-002,Analyst,Pune,Board Meeting,Corporate Card,,,,,,,,,,,,,,Auto Rickshaw,7349.15,INR,Yes,Yes,,,,Approved,Yes,
RPT-010249,Air Travel,13-04-2024,EMP-0141,Sanjay Gupta,Strategy,CC-STR-001,CEO,Mumbai,Board Meeting,Cash,BOM,HKG,Mumbai,Hong Kong,,CX,Cathay Pacific,CX452,Economy,,,,,,52540.35,INR,Yes,Yes,,,,Approved,Yes,
RPT-010250,Air Travel,24-11-2024,EMP-0115,Arun Patel,Sales,CC-SAL-003,Sales Director,Ahmedabad,Project Review,Cash,BOM,JFK,Mumbai,New York,,AI,Air India,AI476,Business,,,,,,244651.22,SGD,Yes,Yes,,,,Rejected,Yes,
RPT-010251,Air Travel,07-11-2023,EMP-0180,Ananya Banerjee,Operations,CC-OPS-001,AGM,Kolkata,Client Meeting,Cash,BOM,LHR,Mumbai,London,,AI,Air India,AI323,Economy,,,,,,35983.64,INR,Yes,Yes,,,,Approved,Yes,
RPT-010252,Ground - Airport Transfer,04-02-2023,EMP-0023,Priya Nair,Operations,CC-OPS-002,Sr Manager,Chennai,Project Review,Corporate Card,,,,,,,,,,,,,,Airport Transfer,7249.85,INR,Yes,Yes,,0.17,40.12,Approved,No,
RPT-010253,Hotel,27-03-2023,EMP-0141,Sanjay Gupta,Strategy,CC-STR-001,CEO,Mumbai,Tender Submission,Corporate Card,,,,,,,,,,Taj West End,Bangalore,27-03-2023,01-04-2023,,114556.55,INR,Yes,No,Hotel rate exceeds INR 15000/night policy cap,20.5,102.5,Rejected,Yes,
RPT-010254,Ground - Auto Rickshaw,06-09-2024,EMP-0102,Meera Iyer,Procurement,CC-PRO-001,GM Procurement,Mumbai,Training,Corporate Card,,,,,,,,,,,,,,Auto Rickshaw,7052.43,INR,Yes,Yes,,,,Approved,Yes,
RPT-010255,Hotel,09-03-2024,EMP-0219,Nikhil Desai,Procurement,CC-PRO-002,Analyst,Mumbai,Tender Submission,Personal Card,,,,,,,,,,Novotel Ahmedabad,Ahmedabad,09-03-2024,11-03-2024,,16355.66,INR,Yes,Yes,,20.5,41,Approved,Yes,
RPT-010256,Air Travel,20-01-2023,EMP-0180,Ananya Banerjee,Operations,CC-OPS-001,AGM,Kolkata,Board Meeting,Cash,DEL,MAA,Delhi,Chennai,,AI,IndiGo,AI190,Economy,,,,,,4530.94,INR,Yes,Yes,,,,Approved,Yes,
RPT-010257,Hotel,30-04-2023,EMP-0011,Rajesh Sharma,Finance,CC-FIN-001,VP Finance,Mumbai,Project Review,Corporate Card,,,,,,,,,,Taj Bengal,Kolkata,30-04-2023,04-05-2023,,76001.44,INR,Yes,No,Hotel rate exceeds INR 15000/night policy cap,20.5,82,Approved,Yes,
RPT-010258,Air Travel,09-06-2024,EMP-0141,Sanjay Gupta,Strategy,CC-STR-001,CEO,Mumbai,Conference,Corporate Card,DEL,MAA,Delhi,Chennai,2182,AI,IndiGo,AI718,First,,,,,,77802.45,INR,Yes,No,Domestic business/first not permitted without VP approval,0.255,1112.82,Pending,No,
RPT-010259,Air Travel,09-01-2024,EMP-0154,Deepa Krishnan,Projects,CC-PRJ-002,Project Lead,Chennai,Audit,Corporate Card,BOM,HYD,Mumbai,Hyderabad,,AI,IndiGo,AI598,Economy,,,,,,13701.44,INR,Yes,Yes,,,,Approved,Yes,
RPT-010260,Ground - Ola Outstation,04-01-2024,EMP-0167,Rohit Joshi,Finance,CC-FIN-002,Analyst,Pune,Tender Submission,Personal Card,,,,,,,,,,,,,,Ola Outstation,789.77,INR,Yes,Yes,,0.17,23.63,Pending,Yes,
RPT-010261,Hotel,01-08-2023,EMP-0045,Amit Kulkarni,Supply Chain,CC-SCM-001,Manager,Pune,Internal Meeting,Corporate Card,,,,,,,,,,ITC Gardenia,Bangalore,01-08-2023,05-08-2023,,86042.48,INR,Yes,No,Hotel rate exceeds INR 15000/night policy cap,20.5,82,Approved,Yes,
RPT-010262,Air Travel,27-06-2024,EMP-0167,Rohit Joshi,Finance,CC-FIN-002,Analyst,Pune,Training,Personal Card,BOM,BLR,Mumbai,Bangalore,984,6E,SpiceJet,6E525,First,,,,,,71606,INR,Yes,No,Domestic business/first not permitted without VP approval,0.255,501.84,Approved,Yes,
RPT-010263,Air Travel,26-03-2023,EMP-0102,Meera Iyer,Procurement,CC-PRO-001,GM Procurement,Mumbai,Project Review,Corporate Card,MAA,HYD,Chennai,Hyderabad,,6E,Air India,6E958,Economy,,,,,,9828.77,INR,Yes,Yes,,,,Approved,Yes,
RPT-010264,Ground - Taxi,15-01-2023,EMP-0141,Sanjay Gupta,Strategy,CC-STR-001,CEO,Mumbai,Client Meeting,Corporate Card,,,,,,,,,,,,,,Taxi,3297.1,INR,Yes,Yes,,,,Approved,Yes,
RPT-010265,Air Travel,25-12-2023,EMP-0011,Rajesh Sharma,Finance,CC-FIN-001,VP Finance,Mumbai,Site Visit,Corporate Card,BOM,MAA,Mumbai,Chennai,1337,6E,Air India,6E325,Business,,,,,,36264.72,INR,Yes,No,Domestic business/first not permitted without VP approval,0.255,681.87,Rejected,Yes,
RPT-010266,Hotel,06-06-2023,EMP-0011,Rajesh Sharma,Finance,CC-FIN-001,VP Finance,Mumbai,Site Visit,Corporate Card,,,,,,,,,,The Leela Palace,Delhi,06-06-2023,09-06-2023,,80679.6,INR,Yes,No,Hotel rate exceeds INR 15000/night policy cap,20.5,61.5,Approved,Yes,
RPT-010267,Ground - Bus,11-07-2023,EMP-0128,Kavitha Menon,Legal,CC-LEG-001,Head Legal,Bangalore,Training,Corporate Card,,,,,,,,,,,,,,Bus,2563.39,INR,Yes,Yes,,0.17,36.21,Approved,Yes,
RPT-010268,Air Travel,06-06-2023,EMP-0154,Deepa Krishnan,Projects,CC-PRJ-002,Project Lead,Chennai,Client Meeting,Cash,DEL,BLR,Delhi,Bangalore,2082,6E,Air India,6E919,Economy,,,,,,12695.37,INR,Yes,Yes,,0.255,1061.82,Approved,No,
RPT-010269,Air Travel,14-02-2024,EMP-0023,Priya Nair,Operations,CC-OPS-002,Sr Manager,Chennai,Tender Submission,Personal Card,BOM,HYD,Mumbai,Hyderabad,,AI,IndiGo,AI218,Business,,,,,,50393.87,INR,Yes,No,Domestic business/first not permitted without VP approval,,,Approved,Yes,
RPT-010270,Hotel,22-11-2023,EMP-0045,Amit Kulkarni,Supply Chain,CC-SCM-001,Manager,Pune,Conference,Cash,,,,,,,,,,Lemon Tree,Hyderabad,22-11-2023,23-11-2023,,6356.21,INR,Yes,Yes,,20.5,20.5,Approved,Yes,
RPT-010271,Air Travel,22-03-2024,EMP-0128,Kavitha Menon,Legal,CC-LEG-001,Head Legal,Bangalore,Project Review,Corporate Card,BOM,AMD,Mumbai,Ahmedabad,530,AI,Air India,AI748,Economy,,,,,,4999.69,INR,Yes,Yes,,0.255,270.3,Approved,Yes,
RPT-010272,Air Travel,07-04-2024,EMP-0045,Amit Kulkarni,Supply Chain,CC-SCM-001,Manager,Pune,Conference,Corporate Card,BOM,DEL,Mumbai,Delhi,1415,AI,IndiGo,AI210,Economy,,,,,,9353.4,INR,Yes,Yes,,0.255,721.65,Approved,Yes,
RPT-010273,Hotel,24-10-2023,EMP-0115,Arun Patel,Sales,CC-SAL-003,Sales Director,Ahmedabad,Conference,Personal Card,,,,,,,,,,Taj Falaknuma,Hyderabad,24-10-2023,25-10-2023,,36577.77,INR,Yes,No,Hotel rate exceeds INR 15000/night policy cap,20.5,20.5,Pending,Yes,
RPT-010274,Air Travel,10-12-2023,EMP-0115,Arun Patel,Sales,CC-SAL-003,Sales Director,Ahmedabad,Board Meeting,Corporate Card,DEL,AMD,Delhi,Ahmedabad,950,6E,SpiceJet,6E747,First,,,,,,62050.28,INR,Yes,No,Domestic business/first not permitted without VP approval,0.255,242.25,Approved,Yes,
RPT-010275,Ground - Bus,28-03-2023,EMP-0045,Amit Kulkarni,Supply Chain,CC-SCM-001,Manager,Pune,Project Review,Corporate Card,,,,,,,,,,,,,,Bus,7597.86,INR,No,Yes,,0.17,4.76,Approved,Yes,
RPT-010276,Air Travel,23-07-2023,EMP-0180,Ananya Banerjee,Operations,CC-OPS-001,AGM,Kolkata,Client Meeting,Corporate Card,BOM,MAA,Mumbai,Chennai,,6E,Air India,6E876,Business,,,,,,45324.43,INR,Yes,No,Domestic business/first not permitted without VP approval,,,Approved,Yes,
RPT-010277,Hotel,09-10-2023,EMP-0011,Rajesh Sharma,Finance,CC-FIN-001,VP Finance,Mumbai,Training,Corporate Card,,,,,,,,,,Hilton Midtown,New York,09-10-2023,14-10-2023,,3448.85,USD,Yes,Yes,,20.5,102.5,Approved,Yes,
RPT-010278,Ground - Bus,25-05-2024,EMP-0154,Deepa Krishnan,Projects,CC-PRJ-002,Project Lead,Chennai,Training,Corporate Card,,,,,,,,,,,,,,Bus,3431.74,INR,Yes,Yes,,0.17,29.75,Pending,Yes,
RPT-010279,Air Travel,04-02-2024,EMP-0102,Meera Iyer,Procurement,CC-PRO-001,GM Procurement,Mumbai,Client Meeting,Corporate Card,DEL,SIN,Delhi,Singapore,4101,SQ,Singapore Airlines,SQ882,Economy,,,,,,35875.66,GBP,Yes,Yes,,0.195,799.7,Rejected,Yes,
RPT-010280,Ground - Auto Rickshaw,11-06-2023,EMP-0206,Lakshmi Pillai,R&D,CC-RND-001,Scientist,Bangalore,Board Meeting,Personal Card,,,,,,,,,,,,,,Auto Rickshaw,1124.57,INR,Yes,Yes,,0.149,4.77,Approved,Yes,
RPT-010281,Air Travel,03-09-2023,EMP-0128,Kavitha Menon,Legal,CC-LEG-001,Head Legal,Bangalore,Conference,Corporate Card,DEL,CDG,Delhi,Paris,6567,AF,Air France,AF303,Business,,,,,,387137.94,INR,Yes,Yes,,0.585,3841.69,Rejected,Yes,
RPT-010282,Air Travel,06-10-2024,EMP-0102,Meera Iyer,Procurement,CC-PRO-001,GM Procurement,Mumbai,Audit,Cash,MAA,HYD,Chennai,Hyderabad,628,6E,Air India,6E453,Economy,,,,,,17042.16,INR,Yes,Yes,,0.255,320.28,Approved,No,
RPT-010283,Air Travel,15-04-2023,EMP-0167,Rohit Joshi,Finance,CC-FIN-002,Analyst,Pune,Client Meeting,Corporate Card,DEL,JFK,Delhi,New York,11755,UA,United Airlines,UA501,Economy,,,,,,67920.36,INR,Yes,Yes,,0.195,2292.22,Approved,Yes,
RPT-010284,Ground - Taxi,14-07-2023,EMP-0219,Nikhil Desai,Procurement,CC-PRO-002,Analyst,Mumbai,Board Meeting,Corporate Card,,,,,,,,,,,,,,Taxi,639.67,INR,No,Yes,,0.149,1.34,Approved,No,
RPT-010285,Ground - Bus,30-03-2024,EMP-0102,Meera Iyer,Procurement,CC-PRO-001,GM Procurement,Mumbai,Site Visit,Cash,,,,,,,,,,,,,,Bus,862.04,INR,Yes,Yes,,0.17,42.67,Approved,Yes,
RPT-010286,Air Travel,22-11-2023,EMP-0141,Sanjay Gupta,Strategy,CC-STR-001,CEO,Mumbai,Audit,Cash,DEL,AMD,Delhi,Ahmedabad,950,6E,SpiceJet,6E749,Business,,,,,,45660.76,INR,Yes,No,Domestic business/first not permitted without VP approval,0.255,242.25,Approved,Yes,
RPT-010287,Ground - Bus,05-03-2023,EMP-0011,Rajesh Sharma,Finance,CC-FIN-001,VP Finance,Mumbai,Audit,Personal Card,,,,,,,,,,,,,,Bus,1832.54,INR,Yes,Yes,,,,Approved,No,
RPT-010288,Ground - Uber/Ola,03-05-2023,EMP-0011,Rajesh Sharma,Finance,CC-FIN-001,VP Finance,Mumbai,Audit,Cash,,,,,,,,,,,,,,Uber/Ola,1480.07,INR,No,Yes,,0.149,4.62,Approved,Yes,
RPT-010289,Air Travel,21-12-2024,EMP-0115,Arun Patel,Sales,CC-SAL-003,Sales Director,Ahmedabad,Training,Corporate Card,DEL,JFK,Delhi,New York,,UA,United Airlines,UA775,Business,,,,,,176279.86,GBP,Yes,Yes,,,,Approved,Yes,
RPT-010290,Air Travel,20-12-2024,EMP-0180,Ananya Banerjee,Operations,CC-OPS-001,AGM,Kolkata,Project Review,Corporate Card,MAA,BLR,Chennai,Bangalore,,AI,IndiGo,AI301,Economy,,,,,,19238.04,INR,Yes,Yes,,,,Approved,Yes,
RPT-010291,Air Travel,22-10-2024,EMP-0023,Priya Nair,Operations,CC-OPS-002,Sr Manager,Chennai,Audit,Cash,BOM,HKG,Mumbai,Hong Kong,4261,CX,Cathay Pacific,CX949,Economy,,,,,,40110.25,EUR,Yes,Yes,,0.195,830.89,Approved,Yes,
RPT-010292,Air Travel,08-05-2024,EMP-0141,Sanjay Gupta,Strategy,CC-STR-001,CEO,Mumbai,Audit,Corporate Card,DEL,SIN,Delhi,Singapore,,SQ,Singapore Airlines,SQ564,Business,,,,,,226917.57,AED,Yes,Yes,,,,Pending,Yes,
RPT-010293,Ground - Bus,21-04-2024,EMP-0023,Priya Nair,Operations,CC-OPS-002,Sr Manager,Chennai,Conference,Corporate Card,,,,,,,,,,,,,,Bus,2870.51,INR,Yes,Yes,,0.17,13.77,Approved,Yes,
RPT-010294,Hotel,13-11-2023,EMP-0067,Sunita Reddy,HR,CC-HR-001,Director HR,Hyderabad,Project Review,Cash,,,,,,,,,,Lemon Tree,Hyderabad,13-11-2023,14-11-2023,,6319.1,INR,Yes,Yes,,20.5,20.5,Rejected,Yes,
RPT-010295,Air Travel,20-11-2023,EMP-0206,Lakshmi Pillai,R&D,CC-RND-001,Scientist,Bangalore,Project Review,Corporate Card,BOM,CCU,Mumbai,Kolkata,1672,6E,Air India,6E549,First,,,,,,61984.35,INR,Yes,No,Domestic business/first not permitted without VP approval,0.255,852.72,Approved,No,
RPT-010296,Air Travel,11-02-2023,EMP-0167,Rohit Joshi,Finance,CC-FIN-002,Analyst,Pune,Site Visit,Personal Card,BOM,MAA,Mumbai,Chennai,1337,6E,Air India,6E744,Business,,,,,,33513.01,INR,Yes,No,Domestic business/first not permitted without VP approval,0.255,681.87,Approved,Yes,
RPT-010297,Air Travel,03-06-2024,EMP-0154,Deepa Krishnan,Projects,CC-PRJ-002,Project Lead,Chennai,Client Meeting,Corporate Card,DEL,SIN,Delhi,Singapore,4101,SQ,Singapore Airlines,SQ765,Business,,,,,,299618.03,INR,Yes,Yes,,0.585,4798.17,Approved,Yes,
RPT-010298,Hotel,12-06-2023,EMP-0219,Nikhil Desai,Procurement,CC-PRO-002,Analyst,Mumbai,Training,Corporate Card,,,,,,,,,,The Leela Palace,Bangalore,12-06-2023,14-06-2023,,43172.24,INR,Yes,No,Hotel rate exceeds INR 15000/night policy cap,20.5,41,Approved,Yes,
RPT-010299,Hotel,08-03-2023,EMP-0141,Sanjay Gupta,Strategy,CC-STR-001,CEO,Mumbai,Internal Meeting,Cash,,,,,,,,,,Park Hyatt,Hyderabad,08-03-2023,10-03-2023,,38114.86,INR,Yes,No,Hotel rate exceeds INR 15000/night policy cap,20.5,41,Approved,Yes,
RPT-010300,Air Travel,11-07-2023,EMP-0219,Nikhil Desai,Procurement,CC-PRO-002,Analyst,Mumbai,Client Meeting,Personal Card,DEL,SIN,Delhi,Singapore,4101,SQ,Singapore Airlines,SQ312,Business,,,,,,326333.67,INR,Yes,Yes,,0.585,2399.09,Rejected,Yes,
RPT-010301,Ground - Ola Outstation,28-09-2024,EMP-0089,Vikram Singh,IT,CC-IT-002,CTO,Delhi,Training,Personal Card,,,,,,,,,,,,,,Ola Outstation,6347.85,INR,Yes,Yes,,0.17,65.79,Rejected,No,
RPT-010302,Air Travel,10-08-2024,EMP-0067,Sunita Reddy,HR,CC-HR-001,Director HR,Hyderabad,Board Meeting,Corporate Card,DEL,CDG,Delhi,Paris,6567,AF,Air France,AF304,Economy,,,,,,39492.42,EUR,Yes,Yes,,0.195,2561.13,Approved,Yes,
RPT-010303,Hotel,15-04-2024,EMP-0089,Vikram Singh,IT,CC-IT-002,CTO,Delhi,Client Meeting,Corporate Card,,,,,,,,,,Lemon Tree,Hyderabad,15-04-2024,18-04-2024,,18368.64,INR,Yes,Yes,,20.5,61.5,Approved,Yes,
RPT-010304,Hotel,28-02-2023,EMP-0193,Suresh Kumar,Sales,CC-SAL-001,Regional Head,Delhi,Board Meeting,Personal Card,,,,,,,,,,Marriott Whitefield,Bangalore,28-02-2023,03-03-2023,,37997.91,INR,Yes,Yes,,20.5,61.5,Pending,Yes,
RPT-010305,Hotel,19-07-2023,EMP-0167,Rohit Joshi,Finance,CC-FIN-002,Analyst,Pune,Client Meeting,Personal Card,,,,,,,,,,ITC Royal Bengal,Kolkata,19-07-2023,20-07-2023,,12716.27,INR,Yes,Yes,,20.5,20.5,Pending,Yes,
RPT-010306,Air Travel,25-02-2024,EMP-0128,Kavitha Menon,Legal,CC-LEG-001,Head Legal,Bangalore,Project Review,Corporate Card,DEL,CDG,Delhi,Paris,6567,AF,Air France,AF581,Economy,,,,,,44040.2,INR,Yes,Yes,,0.195,1280.57,Approved,Yes,
RPT-010307,Hotel,03-10-2024,EMP-0067,Sunita Reddy,HR,CC-HR-001,Director HR,Hyderabad,Conference,Corporate Card,,,,,,,,,,Lemon Tree,Ahmedabad,03-10-2024,05-10-2024,,12671.62,INR,Yes,Yes,,20.5,41,Approved,Yes,
RPT-010308,Hotel,31-01-2023,EMP-0115,Arun Patel,Sales,CC-SAL-003,Sales Director,Ahmedabad,Project Review,Cash,,,,,,,,,,ITC Royal Bengal,Kolkata,31-01-2023,01-02-2023,,13526.98,INR,Yes,Yes,,20.5,20.5,Pending,Yes,
RPT-010309,Hotel,06-06-2024,EMP-0167,Rohit Joshi,Finance,CC-FIN-002,Analyst,Pune,Audit,Corporate Card,,,,,,,,,,ITC Gardenia,Bangalore,06-06-2024,08-06-2024,,33681.36,INR,Yes,No,Hotel rate exceeds INR 15000/night policy cap,20.5,41,Approved,No,
RPT-010310,Hotel,07-11-2024,EMP-0219,Nikhil Desai,Procurement,CC-PRO-002,Analyst,Mumbai,Training,Corporate Card,,,,,,,,,,The Gateway Hotel,Ahmedabad,07-11-2024,10-11-2024,,25799.82,INR,Yes,Yes,,20.5,61.5,Approved,No,
RPT-010311,Air Travel,04-10-2023,EMP-0219,Nikhil Desai,Procurement,CC-PRO-002,Analyst,Mumbai,Training,Cash,MAA,HYD,Chennai,Hyderabad,628,6E,Air India,6E415,Business,,,,,,35554.54,INR,Yes,No,Domestic business/first not permitted without VP approval,0.255,160.14,Approved,Yes,
RPT-010312,Hotel,13-04-2024,EMP-0206,Lakshmi Pillai,R&D,CC-RND-001,Scientist,Bangalore,Site Visit,Personal Card,,,,,,,,,,ITC Kohenur,Hyderabad,13-04-2024,15-04-2024,,38030.58,INR,Yes,No,Hotel rate exceeds INR 15000/night policy cap,20.5,41,Approved,Yes,
RPT-010313,Ground - Uber/Ola,06-11-2024,EMP-0180,Ananya Banerjee,Operations,CC-OPS-001,AGM,Kolkata,Project Review,Corporate Card,,,,,,,,,,,,,,Uber/Ola,6930.18,INR,Yes,Yes,,,,Approved,Yes,
RPT-010314,Air Travel,17-01-2023,EMP-0067,Sunita Reddy,HR,CC-HR-001,Director HR,Hyderabad,Client Meeting,Corporate Card,BOM,HYD,Mumbai,Hyderabad,,AI,IndiGo,AI898,Business,,,,,,44120.41,INR,Yes,No,Domestic business/first not permitted without VP approval,,,Pending,Yes,
RPT-010315,Air Travel,30-06-2023,EMP-0045,Amit Kulkarni,Supply Chain,CC-SCM-001,Manager,Pune,Training,Corporate Card,BOM,AMD,Mumbai,Ahmedabad,,AI,Air India,AI274,Business,,,,,,27078.23,INR,Yes,No,Domestic business/first not permitted without VP approval,,,Approved,Yes,
RPT-010316,Hotel,12-02-2024,EMP-0167,Rohit Joshi,Finance,CC-FIN-002,Analyst,Pune,Board Meeting,Corporate Card,,,,,,,,,,Hampton Inn,New York,12-02-2024,16-02-2024,,926.28,USD,Yes,Yes,,20.5,82,Approved,No,
RPT-010317,Hotel,17-06-2023,EMP-0141,Sanjay Gupta,Strategy,CC-STR-001,CEO,Mumbai,Tender Submission,Corporate Card,,,,,,,,,,Novotel Pune,Pune,17-06-2023,20-06-2023,,28606.5,INR,Yes,Yes,,20.5,61.5,Approved,Yes,
RPT-010318,Hotel,15-12-2024,EMP-0128,Kavitha Menon,Legal,CC-LEG-001,Head Legal,Bangalore,Training,Cash,,,,,,,,,,Taj West End,Bangalore,15-12-2024,16-12-2024,,22956.16,INR,Yes,No,Hotel rate exceeds INR 15000/night policy cap,20.5,20.5,Approved,Yes,
RPT-010319,Air Travel,06-07-2024,EMP-0154,Deepa Krishnan,Projects,CC-PRJ-002,Project Lead,Chennai,Conference,Corporate Card,DEL,MAA,Delhi,Chennai,2182,AI,IndiGo,AI516,First,,,,,,87323.2,INR,Yes,No,Domestic business/first not permitted without VP approval,0.255,1112.82,Approved,Yes,
RPT-010320,Air Travel,28-05-2024,EMP-0167,Rohit Joshi,Finance,CC-FIN-002,Analyst,Pune,Conference,Corporate Card,DEL,BLR,Delhi,Bangalore,2082,6E,Air India,6.00E+120,Business,,,,,,28753.42,INR,Yes,No,Domestic business/first not permitted without VP approval,0.255,1061.82,Approved,Yes,
RPT-010321,Hotel,01-08-2024,EMP-0115,Arun Patel,Sales,CC-SAL-003,Sales Director,Ahmedabad,Training,Personal Card,,,,,,,,,,Lemon Tree,Hyderabad,01-08-2024,02-08-2024,,7907.8,INR,Yes,Yes,,20.5,20.5,Pending,Yes,
RPT-010322,Hotel,29-04-2024,EMP-0219,Nikhil Desai,Procurement,CC-PRO-002,Analyst,Mumbai,Conference,Cash,,,,,,,,,,Marriott JBR,Dubai,29-04-2024,01-05-2024,,787.69,EUR,Yes,Yes,,20.5,41,Approved,Yes,
RPT-010323,Air Travel,24-07-2024,EMP-0206,Lakshmi Pillai,R&D,CC-RND-001,Scientist,Bangalore,Client Meeting,Personal Card,BOM,DXB,Mumbai,Dubai,,EK,Emirates,EK313,Business,,,,,,442700.23,INR,Yes,Yes,,,,Approved,Yes,
RPT-010324,Ground - Auto Rickshaw,22-12-2024,EMP-0023,Priya Nair,Operations,CC-OPS-002,Sr Manager,Chennai,Training,Corporate Card,,,,,,,,,,,,,,Auto Rickshaw,4913.2,INR,Yes,Yes,,0.149,2.09,Rejected,Yes,
RPT-010325,Air Travel,06-05-2024,EMP-0045,Amit Kulkarni,Supply Chain,CC-SCM-001,Manager,Pune,Project Review,Personal Card,BOM,MAA,Mumbai,Chennai,,6E,Air India,6E859,Economy,,,,,,6778,INR,Yes,Yes,,,,Approved,Yes,
RPT-010326,Air Travel,29-10-2024,EMP-0180,Ananya Banerjee,Operations,CC-OPS-001,AGM,Kolkata,Client Meeting,Corporate Card,BOM,CCU,Mumbai,Kolkata,1672,6E,Air India,6E590,Business,,,,,,27829.34,INR,Yes,No,Domestic business/first not permitted without VP approval,0.255,852.72,Approved,Yes,
RPT-010327,Air Travel,19-11-2024,EMP-0115,Arun Patel,Sales,CC-SAL-003,Sales Director,Ahmedabad,Conference,Corporate Card,BOM,HYD,Mumbai,Hyderabad,,AI,IndiGo,AI123,Business,,,,,,44976.45,INR,Yes,No,Domestic business/first not permitted without VP approval,,,Rejected,Yes,
RPT-010328,Hotel,05-01-2024,EMP-0128,Kavitha Menon,Legal,CC-LEG-001,Head Legal,Bangalore,Client Meeting,Personal Card,,,,,,,,,,ITC Gardenia,Bangalore,05-01-2024,09-01-2024,,86050.2,INR,Yes,No,Hotel rate exceeds INR 15000/night policy cap,20.5,82,Approved,Yes,
RPT-010329,Air Travel,05-11-2023,EMP-0045,Amit Kulkarni,Supply Chain,CC-SCM-001,Manager,Pune,Conference,Corporate Card,BOM,DEL,Mumbai,Delhi,1415,AI,IndiGo,AI242,Business,,,,,,22779.2,INR,Yes,No,Domestic business/first not permitted without VP approval,0.255,360.82,Approved,Yes,
RPT-010330,Air Travel,30-10-2023,EMP-0045,Amit Kulkarni,Supply Chain,CC-SCM-001,Manager,Pune,Conference,Corporate Card,DEL,DXB,Delhi,Dubai,,EK,Emirates,EK687,Economy,,,,,,33784.39,INR,Yes,Yes,,,,Approved,No,
RPT-010331,Hotel,26-07-2024,EMP-0067,Sunita Reddy,HR,CC-HR-001,Director HR,Hyderabad,Audit,Cash,,,,,,,,,,Marriott Pacific Place,Hong Kong,26-07-2024,28-07-2024,,86878.44,INR,Yes,Yes,,20.5,41,Approved,Yes,
RPT-010332,Air Travel,19-10-2023,EMP-0102,Meera Iyer,Procurement,CC-PRO-001,GM Procurement,Mumbai,Tender Submission,Cash,BOM,HKG,Mumbai,Hong Kong,4261,CX,Cathay Pacific,CX483,Business,,,,,,237834.86,INR,Yes,Yes,,0.585,4985.37,Approved,Yes,
RPT-010333,Air Travel,04-11-2023,EMP-0193,Suresh Kumar,Sales,CC-SAL-001,Regional Head,Delhi,Site Visit,Corporate Card,MAA,BLR,Chennai,Bangalore,,AI,IndiGo,AI781,Business,,,,,,49192.72,INR,Yes,No,Domestic business/first not permitted without VP approval,,,Approved,No,
RPT-010334,Hotel,30-12-2024,EMP-0219,Nikhil Desai,Procurement,CC-PRO-002,Analyst,Mumbai,Site Visit,Cash,,,,,,,,,,Marriott Tokyo,Tokyo,30-12-2024,31-12-2024,,642.86,USD,Yes,Yes,,20.5,20.5,Approved,Yes,
RPT-010335,Hotel,13-10-2024,EMP-0011,Rajesh Sharma,Finance,CC-FIN-001,VP Finance,Mumbai,Board Meeting,Personal Card,,,,,,,,,,Park Hyatt,Hyderabad,13-10-2024,16-10-2024,,55565.97,INR,Yes,No,Hotel rate exceeds INR 15000/night policy cap,20.5,61.5,Rejected,No,
RPT-010336,Ground - Bus,11-09-2023,EMP-0115,Arun Patel,Sales,CC-SAL-003,Sales Director,Ahmedabad,Training,Corporate Card,,,,,,,,,,,,,,Bus,5456.31,INR,Yes,Yes,,,,Approved,Yes,
RPT-010337,Hotel,21-05-2024,EMP-0141,Sanjay Gupta,Strategy,CC-STR-001,CEO,Mumbai,Client Meeting,Corporate Card,,,,,,,,,,Taj Falaknuma,Hyderabad,21-05-2024,26-05-2024,,174266.6,INR,Yes,No,Hotel rate exceeds INR 15000/night policy cap,20.5,102.5,Approved,Yes,
RPT-010338,Air Travel,11-06-2024,EMP-0011,Rajesh Sharma,Finance,CC-FIN-001,VP Finance,Mumbai,Audit,Cash,DEL,BLR,Delhi,Bangalore,,6E,Air India,6E848,Economy,,,,,,15510.03,INR,Yes,Yes,,,,Approved,Yes,
RPT-010339,Hotel,03-12-2023,EMP-0219,Nikhil Desai,Procurement,CC-PRO-002,Analyst,Mumbai,Audit,Corporate Card,,,,,,,,,,Lemon Tree Premier,Delhi,03-12-2023,05-12-2023,,13341.4,INR,Yes,Yes,,20.5,41,Approved,Yes,
RPT-010340,Hotel,28-01-2024,EMP-0167,Rohit Joshi,Finance,CC-FIN-002,Analyst,Pune,Training,Corporate Card,,,,,,,,,,Hyatt Regency,Kolkata,28-01-2024,01-02-2024,,50694.88,INR,Yes,Yes,,20.5,82,Rejected,No,
RPT-010341,Hotel,17-06-2023,EMP-0128,Kavitha Menon,Legal,CC-LEG-001,Head Legal,Bangalore,Internal Meeting,Corporate Card,,,,,,,,,,Premier Inn,Dubai,17-06-2023,20-06-2023,,443.76,EUR,Yes,Yes,,20.5,61.5,Approved,No,
RPT-010342,Air Travel,24-04-2024,EMP-0193,Suresh Kumar,Sales,CC-SAL-001,Regional Head,Delhi,Client Meeting,Corporate Card,BOM,FRA,Mumbai,Frankfurt,6200,LH,Lufthansa,LH181,Economy,,,,,,40809.8,INR,Yes,Yes,,0.195,2418,Approved,No,
RPT-010343,Air Travel,09-06-2023,EMP-0180,Ananya Banerjee,Operations,CC-OPS-001,AGM,Kolkata,Conference,Corporate Card,BOM,DEL,Mumbai,Delhi,1415,AI,IndiGo,AI662,Economy,,,,,,7009.55,INR,Yes,Yes,,0.255,721.65,Approved,Yes,
RPT-010344,Air Travel,02-02-2023,EMP-0023,Priya Nair,Operations,CC-OPS-002,Sr Manager,Chennai,Tender Submission,Personal Card,DEL,CCU,Delhi,Kolkata,,6E,IndiGo,6E538,Business,,,,,,25827.48,INR,Yes,No,Domestic business/first not permitted without VP approval,,,Rejected,No,
RPT-010345,Air Travel,13-11-2023,EMP-0102,Meera Iyer,Procurement,CC-PRO-001,GM Procurement,Mumbai,Tender Submission,Corporate Card,BOM,CCU,Mumbai,Kolkata,1672,6E,Air India,6E488,Business,,,,,,39348.07,INR,Yes,No,Domestic business/first not permitted without VP approval,0.255,852.72,Approved,Yes,
RPT-010346,Hotel,03-07-2024,EMP-0089,Vikram Singh,IT,CC-IT-002,CTO,Delhi,Audit,Corporate Card,,,,,,,,,,Taj Coromandel,Chennai,03-07-2024,06-07-2024,,49029.72,INR,Yes,No,Hotel rate exceeds INR 15000/night policy cap,20.5,61.5,Pending,Yes,
RPT-010347,Air Travel,02-07-2024,EMP-0154,Deepa Krishnan,Projects,CC-PRJ-002,Project Lead,Chennai,Client Meeting,Cash,DEL,BLR,Delhi,Bangalore,2082,6E,Air India,6E542,Business,,,,,,29475.21,INR,Yes,No,Domestic business/first not permitted without VP approval,0.255,530.91,Rejected,Yes,
RPT-010348,Air Travel,15-06-2023,EMP-0219,Nikhil Desai,Procurement,CC-PRO-002,Analyst,Mumbai,Conference,Corporate Card,DEL,JFK,Delhi,New York,,UA,United Airlines,UA874,Economy,,,,,,74558.1,INR,Yes,Yes,,,,Approved,Yes,
RPT-010349,Air Travel,21-02-2023,EMP-0102,Meera Iyer,Procurement,CC-PRO-001,GM Procurement,Mumbai,Project Review,Cash,BLR,HYD,Bangalore,Hyderabad,569,6E,IndiGo,6E659,Business,,,,,,24261.67,INR,Yes,No,Domestic business/first not permitted without VP approval,0.255,290.19,Approved,Yes,
RPT-010350,Hotel,20-05-2023,EMP-0193,Suresh Kumar,Sales,CC-SAL-001,Regional Head,Delhi,Project Review,Cash,,,,,,,,,,Hilton Chennai,Chennai,20-05-2023,25-05-2023,,62110.15,INR,Yes,Yes,,20.5,102.5,Approved,Yes,
RPT-010351,Hotel,26-05-2023,EMP-0102,Meera Iyer,Procurement,CC-PRO-001,GM Procurement,Mumbai,Project Review,Corporate Card,,,,,,,,,,The Westin,Chennai,26-05-2023,27-05-2023,,13129.84,INR,Yes,Yes,,20.5,20.5,Approved,Yes,
RPT-010352,Air Travel,17-01-2024,EMP-0219,Nikhil Desai,Procurement,CC-PRO-002,Analyst,Mumbai,Training,Cash,MAA,BLR,Chennai,Bangalore,347,AI,IndiGo,AI223,Business,,,,,,48410.55,INR,Yes,No,Domestic business/first not permitted without VP approval,0.255,88.48,Approved,Yes,
RPT-010353,Air Travel,13-12-2024,EMP-0141,Sanjay Gupta,Strategy,CC-STR-001,CEO,Mumbai,Client Meeting,Corporate Card,BOM,CCU,Mumbai,Kolkata,1672,6E,Air India,6.00E+230,Business,,,,,,32172.38,INR,Yes,No,Domestic business/first not permitted without VP approval,0.255,426.36,Approved,Yes,
RPT-010354,Air Travel,09-09-2024,EMP-0180,Ananya Banerjee,Operations,CC-OPS-001,AGM,Kolkata,Conference,Corporate Card,BOM,HYD,Mumbai,Hyderabad,,AI,IndiGo,AI699,Business,,,,,,23957.17,INR,Yes,No,Domestic business/first not permitted without VP approval,,,Approved,No,
RPT-010355,Hotel,22-10-2023,EMP-0141,Sanjay Gupta,Strategy,CC-STR-001,CEO,Mumbai,Project Review,Corporate Card,,,,,,,,,,The Lalit,Kolkata,22-10-2023,25-10-2023,,38437.47,INR,Yes,Yes,,20.5,61.5,Approved,Yes,
RPT-010356,Ground - Auto Rickshaw,24-02-2023,EMP-0089,Vikram Singh,IT,CC-IT-002,CTO,Delhi,Project Review,Corporate Card,,,,,,,,,,,,,,Auto Rickshaw,1402.19,INR,Yes,Yes,,0.149,2.83,Approved,Yes,
RPT-010357,Air Travel,03-06-2023,EMP-0154,Deepa Krishnan,Projects,CC-PRJ-002,Project Lead,Chennai,Site Visit,Corporate Card,MAA,BLR,Chennai,Bangalore,347,AI,IndiGo,AI901,Economy,,,,,,11934.78,INR,Yes,Yes,,0.255,88.48,Approved,Yes,
RPT-010358,Ground - Uber/Ola,08-08-2024,EMP-0206,Lakshmi Pillai,R&D,CC-RND-001,Scientist,Bangalore,Internal Meeting,Personal Card,,,,,,,,,,,,,,Uber/Ola,2278.86,INR,Yes,Yes,,0.149,3.72,Approved,Yes,
RPT-010359,Air Travel,04-06-2023,EMP-0154,Deepa Krishnan,Projects,CC-PRJ-002,Project Lead,Chennai,Board Meeting,Corporate Card,BOM,DEL,Mumbai,Delhi,1415,AI,IndiGo,AI805,Economy,,,,,,18377.68,INR,Yes,Yes,,0.255,721.65,Approved,Yes,
RPT-010360,Air Travel,01-01-2024,EMP-0102,Meera Iyer,Procurement,CC-PRO-001,GM Procurement,Mumbai,Training,Cash,DEL,AMD,Delhi,Ahmedabad,,6E,SpiceJet,6.00E+284,Economy,,,,,,7118.92,INR,Yes,Yes,,,,Approved,Yes,
RPT-010361,Hotel,28-02-2024,EMP-0023,Priya Nair,Operations,CC-OPS-002,Sr Manager,Chennai,Client Meeting,Cash,,,,,,,,,,Marriott Champs-Elysees,Paris,28-02-2024,01-03-2024,,120904.62,INR,Yes,Yes,,20.5,41,Approved,Yes,
RPT-010362,Ground - Taxi,25-08-2023,EMP-0115,Arun Patel,Sales,CC-SAL-003,Sales Director,Ahmedabad,Project Review,Corporate Card,,,,,,,,,,,,,,Taxi,304.33,INR,Yes,Yes,,,,Rejected,Yes,
RPT-010363,Ground - Auto Rickshaw,20-07-2023,EMP-0102,Meera Iyer,Procurement,CC-PRO-001,GM Procurement,Mumbai,Board Meeting,Personal Card,,,,,,,,,,,,,,Auto Rickshaw,3072.38,INR,Yes,Yes,,,,Pending,No,
RPT-010364,Hotel,15-07-2024,EMP-0154,Deepa Krishnan,Projects,CC-PRJ-002,Project Lead,Chennai,Tender Submission,Corporate Card,,,,,,,,,,Lemon Tree,Hyderabad,15-07-2024,20-07-2024,,36505.25,INR,Yes,Yes,,20.5,102.5,Approved,Yes,
RPT-010365,Hotel,18-04-2023,EMP-0102,Meera Iyer,Procurement,CC-PRO-001,GM Procurement,Mumbai,Site Visit,Personal Card,,,,,,,,,,The Lalit,Kolkata,18-04-2023,19-04-2023,,13876.87,INR,Yes,Yes,,20.5,20.5,Approved,Yes,
RPT-010366,Air Travel,09-05-2024,EMP-0167,Rohit Joshi,Finance,CC-FIN-002,Analyst,Pune,Site Visit,Corporate Card,DEL,CDG,Delhi,Paris,6567,AF,Air France,AF232,First,,,,,,646015.35,SGD,Yes,Yes,,0.975,6402.82,Approved,No,
RPT-010367,Air Travel,16-11-2023,EMP-0219,Nikhil Desai,Procurement,CC-PRO-002,Analyst,Mumbai,Site Visit,Corporate Card,BOM,PNQ,Mumbai,Pune,,AI,IndiGo,AI153,Economy,,,,,,18271.67,INR,Yes,Yes,,,,Approved,Yes,
RPT-010368,Hotel,07-08-2023,EMP-0206,Lakshmi Pillai,R&D,CC-RND-001,Scientist,Bangalore,Conference,Corporate Card,,,,,,,,,,The Lalit,Kolkata,07-08-2023,12-08-2023,,64113.2,INR,Yes,Yes,,20.5,102.5,Approved,Yes,
RPT-010369,Hotel,09-12-2023,EMP-0089,Vikram Singh,IT,CC-IT-002,CTO,Delhi,Audit,Corporate Card,,,,,,,,,,The Imperial Delhi,Delhi,09-12-2023,12-12-2023,,58921.68,INR,Yes,No,Hotel rate exceeds INR 15000/night policy cap,20.5,61.5,Approved,Yes,
RPT-010370,Air Travel,07-08-2023,EMP-0180,Ananya Banerjee,Operations,CC-OPS-001,AGM,Kolkata,Project Review,Corporate Card,DEL,MAA,Delhi,Chennai,2182,AI,IndiGo,AI774,Economy,,,,,,19909.33,INR,Yes,Yes,,0.255,556.41,Approved,Yes,
RPT-010371,Ground - Taxi,12-10-2023,EMP-0089,Vikram Singh,IT,CC-IT-002,CTO,Delhi,Board Meeting,Corporate Card,,,,,,,,,,,,,,Taxi,4018.49,INR,Yes,Yes,,,,Approved,No,
RPT-010372,Ground - Bus,07-11-2023,EMP-0067,Sunita Reddy,HR,CC-HR-001,Director HR,Hyderabad,Conference,Corporate Card,,,,,,,,,,,,,,Bus,7294.11,INR,Yes,Yes,,0.17,35.19,Approved,No,
RPT-010373,Hotel,01-04-2024,EMP-0180,Ananya Banerjee,Operations,CC-OPS-001,AGM,Kolkata,Project Review,Corporate Card,,,,,,,,,,Taj Falaknuma,Hyderabad,01-04-2024,04-04-2024,,96831.21,INR,Yes,No,Hotel rate exceeds INR 15000/night policy cap,20.5,61.5,Approved,No,
RPT-010374,Ground - Train/Metro,28-01-2024,EMP-0089,Vikram Singh,IT,CC-IT-002,CTO,Delhi,Client Meeting,Personal Card,,,,,,,,,,,,,,Train/Metro,6540.66,INR,Yes,Yes,,0.17,16.32,Approved,No,
RPT-010375,Air Travel,30-04-2024,EMP-0219,Nikhil Desai,Procurement,CC-PRO-002,Analyst,Mumbai,Project Review,Cash,DEL,BLR,Delhi,Bangalore,2082,6E,Air India,6.00E+290,Economy,,,,,,5501.52,INR,Yes,Yes,,0.255,530.91,Approved,No,
RPT-010376,Air Travel,15-10-2023,EMP-0011,Rajesh Sharma,Finance,CC-FIN-001,VP Finance,Mumbai,Training,Corporate Card,DEL,HYD,Delhi,Hyderabad,1253,AI,SpiceJet,AI190,First,,,,,,86756.38,INR,Yes,No,Domestic business/first not permitted without VP approval,0.255,639.03,Pending,Yes,
RPT-010377,Ground - Bus,12-04-2023,EMP-0206,Lakshmi Pillai,R&D,CC-RND-001,Scientist,Bangalore,Training,Corporate Card,,,,,,,,,,,,,,Bus,556.96,INR,Yes,Yes,,0.17,48.45,Approved,Yes,
RPT-010378,Air Travel,19-01-2023,EMP-0154,Deepa Krishnan,Projects,CC-PRJ-002,Project Lead,Chennai,Training,Corporate Card,DEL,CCU,Delhi,Kolkata,1305,6E,IndiGo,6E550,Economy,,,,,,8650.37,INR,Yes,Yes,,0.255,332.78,Approved,Yes,
RPT-010379,Air Travel,07-05-2024,EMP-0045,Amit Kulkarni,Supply Chain,CC-SCM-001,Manager,Pune,Audit,Corporate Card,DEL,HYD,Delhi,Hyderabad,1253,AI,SpiceJet,AI128,Economy,,,,,,20422.42,INR,Yes,Yes,,0.255,639.03,Approved,No,
RPT-010380,Hotel,22-04-2023,EMP-0219,Nikhil Desai,Procurement,CC-PRO-002,Analyst,Mumbai,Tender Submission,Corporate Card,,,,,,,,,,Hyatt Place,Ahmedabad,22-04-2023,24-04-2023,,16094.48,INR,Yes,Yes,,20.5,41,Approved,Yes,
RPT-010381,Ground - Uber/Ola,11-12-2023,EMP-0128,Kavitha Menon,Legal,CC-LEG-001,Head Legal,Bangalore,Client Meeting,Cash,,,,,,,,,,,,,,Uber/Ola,3665.31,INR,Yes,Yes,,,,Rejected,Yes,
RPT-010382,Air Travel,10-12-2024,EMP-0102,Meera Iyer,Procurement,CC-PRO-001,GM Procurement,Mumbai,Board Meeting,Corporate Card,DEL,JFK,Delhi,New York,11755,UA,United Airlines,UA754,Economy,,,,,,29901.29,INR,Yes,Yes,,0.195,4584.45,Approved,Yes,
RPT-010383,Air Travel,28-11-2024,EMP-0180,Ananya Banerjee,Operations,CC-OPS-001,AGM,Kolkata,Site Visit,Corporate Card,BOM,HYD,Mumbai,Hyderabad,711,AI,IndiGo,AI895,Business,,,,,,23430.64,INR,Yes,No,Domestic business/first not permitted without VP approval,0.255,362.61,Approved,Yes,
RPT-010384,Ground - Train/Metro,17-08-2023,EMP-0115,Arun Patel,Sales,CC-SAL-003,Sales Director,Ahmedabad,Client Meeting,Corporate Card,,,,,,,,,,,,,,Train/Metro,3999.98,INR,Yes,Yes,,0.17,30.09,Approved,Yes,
RPT-010385,Air Travel,05-05-2024,EMP-0067,Sunita Reddy,HR,CC-HR-001,Director HR,Hyderabad,Site Visit,Corporate Card,DEL,MAA,Delhi,Chennai,2182,AI,IndiGo,AI293,Economy,,,,,,6528.03,INR,Yes,Yes,,0.255,1112.82,Pending,Yes,
RPT-010386,Air Travel,28-05-2023,EMP-0154,Deepa Krishnan,Projects,CC-PRJ-002,Project Lead,Chennai,Conference,Corporate Card,MAA,BLR,Chennai,Bangalore,347,AI,IndiGo,AI744,First,,,,,,74152.49,INR,Yes,No,Domestic business/first not permitted without VP approval,0.255,176.97,Pending,Yes,
RPT-010387,Hotel,23-12-2024,EMP-0089,Vikram Singh,IT,CC-IT-002,CTO,Delhi,Site Visit,Corporate Card,,,,,,,,,,Ibis,Kolkata,23-12-2024,24-12-2024,,6106.17,INR,Yes,Yes,,20.5,20.5,Approved,Yes,
RPT-010388,Air Travel,25-04-2023,EMP-0102,Meera Iyer,Procurement,CC-PRO-001,GM Procurement,Mumbai,Audit,Corporate Card,BOM,BLR,Mumbai,Bangalore,984,6E,SpiceJet,6E896,Economy,,,,,,16328.2,INR,Yes,Yes,,0.255,501.84,Approved,Yes,
RPT-010389,Air Travel,03-03-2024,EMP-0011,Rajesh Sharma,Finance,CC-FIN-001,VP Finance,Mumbai,Project Review,Cash,BOM,CCU,Mumbai,Kolkata,,6E,Air India,6.00E+225,Business,,,,,,30609.59,INR,Yes,No,Domestic business/first not permitted without VP approval,,,Approved,No,
RPT-010390,Hotel,04-01-2024,EMP-0193,Suresh Kumar,Sales,CC-SAL-001,Regional Head,Delhi,Client Meeting,Cash,,,,,,,,,,Hilton Canary Wharf,London,04-01-2024,07-01-2024,,74318.97,INR,Yes,Yes,,20.5,61.5,Approved,Yes,
RPT-010391,Hotel,22-12-2024,EMP-0219,Nikhil Desai,Procurement,CC-PRO-002,Analyst,Mumbai,Client Meeting,Corporate Card,,,,,,,,,,Marriott Park Lane,London,22-12-2024,24-12-2024,,788.47,GBP,Yes,Yes,,20.5,41,Pending,Yes,
RPT-010392,Air Travel,06-08-2024,EMP-0219,Nikhil Desai,Procurement,CC-PRO-002,Analyst,Mumbai,Site Visit,Personal Card,BOM,HYD,Mumbai,Hyderabad,711,AI,IndiGo,AI885,First,,,,,,81196.09,INR,Yes,No,Domestic business/first not permitted without VP approval,0.255,362.61,Approved,Yes,
RPT-010393,Hotel,04-09-2024,EMP-0023,Priya Nair,Operations,CC-OPS-002,Sr Manager,Chennai,Audit,Corporate Card,,,,,,,,,,The Leela Palace,Bangalore,04-09-2024,05-09-2024,,19434.57,INR,Yes,No,Hotel rate exceeds INR 15000/night policy cap,20.5,20.5,Approved,Yes,
RPT-010394,Ground - Corporate Car,29-07-2023,EMP-0193,Suresh Kumar,Sales,CC-SAL-001,Regional Head,Delhi,Site Visit,Corporate Card,,,,,,,,,,,,,,Corporate Car,1961.86,INR,Yes,Yes,,0.17,34.68,Pending,Yes,
RPT-010395,Air Travel,28-09-2023,EMP-0193,Suresh Kumar,Sales,CC-SAL-001,Regional Head,Delhi,Project Review,Corporate Card,BOM,SIN,Mumbai,Singapore,,SQ,Singapore Airlines,SQ778,Economy,,,,,,49659.19,INR,Yes,Yes,,,,Approved,Yes,
RPT-010396,Hotel,02-07-2024,EMP-0206,Lakshmi Pillai,R&D,CC-RND-001,Scientist,Bangalore,Tender Submission,Cash,,,,,,,,,,Trident Hyderabad,Hyderabad,02-07-2024,03-07-2024,,12015.46,INR,Yes,Yes,,20.5,20.5,Approved,Yes,
RPT-010397,Air Travel,10-12-2024,EMP-0154,Deepa Krishnan,Projects,CC-PRJ-002,Project Lead,Chennai,Internal Meeting,Personal Card,BOM,FRA,Mumbai,Frankfurt,,LH,Lufthansa,LH619,First,,,,,,752446.81,INR,Yes,Yes,,,,Rejected,Yes,
RPT-010398,Air Travel,14-09-2023,EMP-0011,Rajesh Sharma,Finance,CC-FIN-001,VP Finance,Mumbai,Audit,Corporate Card,DEL,JFK,Delhi,New York,11755,UA,United Airlines,UA925,First,,,,,,494386.52,AED,Yes,Yes,,0.975,22922.25,Approved,Yes,
RPT-010399,Air Travel,29-09-2024,EMP-0219,Nikhil Desai,Procurement,CC-PRO-002,Analyst,Mumbai,Project Review,Corporate Card,DEL,HYD,Delhi,Hyderabad,,AI,SpiceJet,AI529,Business,,,,,,36361.29,INR,Yes,No,Domestic business/first not permitted without VP approval,,,Approved,No,
RPT-010400,Ground - Auto Rickshaw,18-06-2023,EMP-0128,Kavitha Menon,Legal,CC-LEG-001,Head Legal,Bangalore,Training,Personal Card,,,,,,,,,,,,,,Auto Rickshaw,6932.93,INR,Yes,Yes,,,,Approved,No,
RPT-010401,Air Travel,22-11-2024,EMP-0154,Deepa Krishnan,Projects,CC-PRJ-002,Project Lead,Chennai,Internal Meeting,Corporate Card,DEL,CCU,Delhi,Kolkata,1305,6E,IndiGo,6.00E+106,Economy,,,,,,8550.1,INR,Yes,Yes,,0.255,332.78,Approved,Yes,
RPT-010402,Hotel,20-02-2024,EMP-0141,Sanjay Gupta,Strategy,CC-STR-001,CEO,Mumbai,Project Review,Corporate Card,,,,,,,,,,Trident Hyderabad,Hyderabad,20-02-2024,25-02-2024,,59133.55,INR,Yes,Yes,,20.5,102.5,Approved,Yes,
RPT-010403,Ground - Taxi,29-05-2024,EMP-0141,Sanjay Gupta,Strategy,CC-STR-001,CEO,Mumbai,Training,Cash,,,,,,,,,,,,,,Taxi,5842.72,INR,Yes,Yes,,,,Approved,No,
RPT-010404,Ground - Corporate Car,18-03-2024,EMP-0128,Kavitha Menon,Legal,CC-LEG-001,Head Legal,Bangalore,Project Review,Corporate Card,,,,,,,,,,,,,,Corporate Car,3673.04,INR,Yes,Yes,,0.17,34,Rejected,Yes,
RPT-010405,Air Travel,18-09-2023,EMP-0023,Priya Nair,Operations,CC-OPS-002,Sr Manager,Chennai,Client Meeting,Corporate Card,DEL,HYD,Delhi,Hyderabad,,AI,SpiceJet,AI692,Economy,,,,,,19549.58,INR,Yes,Yes,,,,Approved,Yes,
RPT-010406,Air Travel,07-10-2023,EMP-0128,Kavitha Menon,Legal,CC-LEG-001,Head Legal,Bangalore,Site Visit,Corporate Card,DEL,CDG,Delhi,Paris,6567,AF,Air France,AF542,Economy,,,,,,65650.66,INR,Yes,Yes,,0.195,1280.57,Rejected,Yes,
RPT-010407,Air Travel,10-04-2024,EMP-0206,Lakshmi Pillai,R&D,CC-RND-001,Scientist,Bangalore,Training,Personal Card,BOM,DEL,Mumbai,Delhi,,AI,IndiGo,AI342,Economy,,,,,,10850.51,INR,Yes,Yes,,,,Approved,Yes,
RPT-010408,Ground - Bus,24-02-2024,EMP-0141,Sanjay Gupta,Strategy,CC-STR-001,CEO,Mumbai,Training,Cash,,,,,,,,,,,,,,Bus,7638.65,INR,Yes,Yes,,0.17,36.89,Approved,Yes,
RPT-010409,Hotel,20-06-2024,EMP-0219,Nikhil Desai,Procurement,CC-PRO-002,Analyst,Mumbai,Conference,Cash,,,,,,,,,,Premier Inn,London,20-06-2024,22-06-2024,,18503.1,INR,Yes,Yes,,20.5,41,Approved,No,
RPT-010410,Hotel,19-07-2024,EMP-0067,Sunita Reddy,HR,CC-HR-001,Director HR,Hyderabad,Site Visit,Corporate Card,,,,,,,,,,Taj Coromandel,Chennai,19-07-2024,24-07-2024,,94391.9,INR,Yes,No,Hotel rate exceeds INR 15000/night policy cap,20.5,102.5,Approved,Yes,
RPT-010411,Air Travel,27-09-2023,EMP-0141,Sanjay Gupta,Strategy,CC-STR-001,CEO,Mumbai,Client Meeting,Corporate Card,BOM,DXB,Mumbai,Dubai,,EK,Emirates,EK314,Economy,,,,,,32887.37,USD,Yes,Yes,,,,Approved,Yes,
RPT-010412,Hotel,10-08-2024,EMP-0193,Suresh Kumar,Sales,CC-SAL-001,Regional Head,Delhi,Site Visit,Corporate Card,,,,,,,,,,Lemon Tree,Hyderabad,10-08-2024,13-08-2024,,22366.11,INR,Yes,Yes,,20.5,61.5,Pending,No,
RPT-010413,Ground - Taxi,26-12-2023,EMP-0067,Sunita Reddy,HR,CC-HR-001,Director HR,Hyderabad,Site Visit,Corporate Card,,,,,,,,,,,,,,Taxi,7350.32,INR,Yes,Yes,,,,Approved,Yes,
RPT-010414,Hotel,23-10-2023,EMP-0167,Rohit Joshi,Finance,CC-FIN-002,Analyst,Pune,Conference,Cash,,,,,,,,,,Novotel Ahmedabad,Ahmedabad,23-10-2023,24-10-2023,,8665.09,INR,Yes,Yes,,20.5,20.5,Approved,Yes,
RPT-010415,Ground - Uber/Ola,05-05-2023,EMP-0219,Nikhil Desai,Procurement,CC-PRO-002,Analyst,Mumbai,Conference,Corporate Card,,,,,,,,,,,,,,Uber/Ola,4440.55,INR,Yes,Yes,,,,Pending,Yes,
RPT-010416,Air Travel,09-01-2024,EMP-0115,Arun Patel,Sales,CC-SAL-003,Sales Director,Ahmedabad,Tender Submission,Corporate Card,DEL,SIN,Delhi,Singapore,,SQ,Singapore Airlines,SQ369,Economy,,,,,,54406.52,INR,Yes,Yes,,,,Approved,Yes,
RPT-010417,Hotel,31-08-2023,EMP-0141,Sanjay Gupta,Strategy,CC-STR-001,CEO,Mumbai,Site Visit,Corporate Card,,,,,,,,,,Taj Coromandel,Chennai,31-08-2023,01-09-2023,,20880.06,INR,Yes,No,Hotel rate exceeds INR 15000/night policy cap,20.5,20.5,Approved,Yes,
RPT-010418,Hotel,15-09-2023,EMP-0115,Arun Patel,Sales,CC-SAL-003,Sales Director,Ahmedabad,Client Meeting,Corporate Card,,,,,,,,,,Hilton Chennai,Chennai,15-09-2023,16-09-2023,,11512.5,INR,Yes,Yes,,20.5,20.5,Approved,Yes,
RPT-010419,Ground - Taxi,08-08-2024,EMP-0011,Rajesh Sharma,Finance,CC-FIN-001,VP Finance,Mumbai,Client Meeting,Corporate Card,,,,,,,,,,,,,,Taxi,6391.94,INR,Yes,Yes,,0.149,4.02,Approved,Yes,
RPT-010420,Air Travel,24-02-2023,EMP-0180,Ananya Banerjee,Operations,CC-OPS-001,AGM,Kolkata,Project Review,Corporate Card,DEL,JFK,Delhi,New York,11755,UA,United Airlines,UA689,Economy,,,,,,71951.39,EUR,Yes,Yes,,0.195,2292.22,Approved,Yes,
RPT-010421,Air Travel,13-12-2023,EMP-0167,Rohit Joshi,Finance,CC-FIN-002,Analyst,Pune,Site Visit,Corporate Card,DEL,HYD,Delhi,Hyderabad,1253,AI,SpiceJet,AI765,First,,,,,,79316.61,INR,Yes,No,Domestic business/first not permitted without VP approval,0.255,639.03,Approved,No,
RPT-010422,Air Travel,27-12-2023,EMP-0115,Arun Patel,Sales,CC-SAL-003,Sales Director,Ahmedabad,Audit,Cash,BOM,MAA,Mumbai,Chennai,1337,6E,Air India,6.00E+151,Economy,,,,,,17415.87,INR,Yes,Yes,,0.255,681.87,Approved,Yes,
RPT-010423,Air Travel,05-06-2023,EMP-0154,Deepa Krishnan,Projects,CC-PRJ-002,Project Lead,Chennai,Site Visit,Corporate Card,DEL,HYD,Delhi,Hyderabad,,AI,SpiceJet,AI624,Economy,,,,,,17147.18,INR,Yes,Yes,,,,Approved,No,
RPT-010424,Hotel,24-06-2023,EMP-0128,Kavitha Menon,Legal,CC-LEG-001,Head Legal,Bangalore,Tender Submission,Corporate Card,,,,,,,,,,Hyatt Regency,Kolkata,24-06-2023,29-06-2023,,61226.3,INR,Yes,Yes,,20.5,102.5,Approved,Yes,
RPT-010425,Hotel,17-05-2024,EMP-0011,Rajesh Sharma,Finance,CC-FIN-001,VP Finance,Mumbai,Board Meeting,Corporate Card,,,,,,,,,,Novotel Techpark,Bangalore,17-05-2024,22-05-2024,,51519.4,INR,Yes,Yes,,20.5,102.5,Approved,Yes,
RPT-010426,Hotel,16-11-2023,EMP-0128,Kavitha Menon,Legal,CC-LEG-001,Head Legal,Bangalore,Audit,Corporate Card,,,,,,,,,,Lemon Tree,Hyderabad,16-11-2023,20-11-2023,,26310.88,INR,Yes,Yes,,20.5,82,Approved,Yes,
RPT-010427,Air Travel,21-05-2024,EMP-0115,Arun Patel,Sales,CC-SAL-003,Sales Director,Ahmedabad,Site Visit,Cash,BOM,BLR,Mumbai,Bangalore,984,6E,SpiceJet,6E789,Business,,,,,,29862.65,INR,Yes,No,Domestic business/first not permitted without VP approval,0.255,501.84,Approved,Yes,
RPT-010428,Air Travel,05-04-2023,EMP-0089,Vikram Singh,IT,CC-IT-002,CTO,Delhi,Training,Corporate Card,DEL,MAA,Delhi,Chennai,,AI,IndiGo,AI989,Economy,,,,,,7224.68,INR,Yes,Yes,,,,Rejected,Yes,
RPT-010429,Ground - Airport Transfer,02-09-2024,EMP-0206,Lakshmi Pillai,R&D,CC-RND-001,Scientist,Bangalore,Audit,Corporate Card,,,,,,,,,,,,,,Airport Transfer,1399.19,INR,Yes,Yes,,0.17,26.69,Approved,Yes,
RPT-010430,Air Travel,04-04-2023,EMP-0206,Lakshmi Pillai,R&D,CC-RND-001,Scientist,Bangalore,Tender Submission,Personal Card,DEL,DXB,Delhi,Dubai,2194,EK,Emirates,EK971,Economy,,,,,,71895.69,USD,Yes,Yes,,0.195,427.83,Approved,Yes,
RPT-010431,Hotel,13-05-2023,EMP-0102,Meera Iyer,Procurement,CC-PRO-001,GM Procurement,Mumbai,Tender Submission,Cash,,,,,,,,,,Taj Falaknuma,Hyderabad,13-05-2023,16-05-2023,,106472.28,INR,Yes,No,Hotel rate exceeds INR 15000/night policy cap,20.5,61.5,Approved,Yes,
RPT-010432,Air Travel,04-01-2025,EMP-0180,Ananya Banerjee,Operations,CC-OPS-001,AGM,Kolkata,Conference,Corporate Card,DEL,DXB,Delhi,Dubai,2194,EK,Emirates,EK561,Economy,,,,,,48056.47,INR,Yes,Yes,,0.195,855.66,Rejected,No,
RPT-010433,Hotel,16-04-2023,EMP-0154,Deepa Krishnan,Projects,CC-PRJ-002,Project Lead,Chennai,Client Meeting,Corporate Card,,,,,,,,,,Ibis,Kolkata,16-04-2023,18-04-2023,,10923.48,INR,Yes,Yes,,20.5,41,Approved,Yes,
RPT-010434,Ground - Corporate Car,03-12-2024,EMP-0067,Sunita Reddy,HR,CC-HR-001,Director HR,Hyderabad,Board Meeting,Corporate Card,,,,,,,,,,,,,,Corporate Car,7517.58,INR,Yes,Yes,,0.17,24.65,Approved,No,
RPT-010435,Hotel,07-12-2024,EMP-0089,Vikram Singh,IT,CC-IT-002,CTO,Delhi,Site Visit,Corporate Card,,,,,,,,,,Lemon Tree,Ahmedabad,07-12-2024,11-12-2024,,19580.8,INR,Yes,Yes,,20.5,82,Approved,Yes,
RPT-010436,Hotel,29-06-2024,EMP-0067,Sunita Reddy,HR,CC-HR-001,Director HR,Hyderabad,Audit,Corporate Card,,,,,,,,,,ITC Royal Bengal,Kolkata,29-06-2024,30-06-2024,,14285.47,INR,Yes,Yes,,20.5,20.5,Approved,Yes,
RPT-010437,Hotel,13-10-2024,EMP-0180,Ananya Banerjee,Operations,CC-OPS-001,AGM,Kolkata,Conference,Personal Card,,,,,,,,,,ITC Gardenia,Bangalore,13-10-2024,16-10-2024,,63569.49,INR,Yes,No,Hotel rate exceeds INR 15000/night policy cap,20.5,61.5,Pending,Yes,
RPT-010438,Air Travel,04-02-2024,EMP-0115,Arun Patel,Sales,CC-SAL-003,Sales Director,Ahmedabad,Training,Corporate Card,BOM,CCU,Mumbai,Kolkata,1672,6E,Air India,6.00E+237,Business,,,,,,45681.08,INR,Yes,No,Domestic business/first not permitted without VP approval,0.255,852.72,Pending,Yes,
RPT-010439,Hotel,20-11-2024,EMP-0089,Vikram Singh,IT,CC-IT-002,CTO,Delhi,Conference,Cash,,,,,,,,,,ITC Kohenur,Hyderabad,20-11-2024,21-11-2024,,21647.64,INR,Yes,No,Hotel rate exceeds INR 15000/night policy cap,20.5,20.5,Approved,No,
RPT-010440,Air Travel,07-07-2023,EMP-0167,Rohit Joshi,Finance,CC-FIN-002,Analyst,Pune,Site Visit,Corporate Card,DEL,LHR,Delhi,London,6733,AI,Air India,AI603,Business,,,,,,260683.98,INR,Yes,Yes,,0.585,7877.61,Approved,Yes,
RPT-010441,Air Travel,31-10-2024,EMP-0167,Rohit Joshi,Finance,CC-FIN-002,Analyst,Pune,Client Meeting,Corporate Card,DEL,HYD,Delhi,Hyderabad,1253,AI,SpiceJet,AI189,Economy,,,,,,6243.21,INR,Yes,Yes,,0.255,639.03,Approved,Yes,
RPT-010442,Hotel,29-07-2023,EMP-0115,Arun Patel,Sales,CC-SAL-003,Sales Director,Ahmedabad,Training,Corporate Card,,,,,,,,,,Hilton Frankfurt,Frankfurt,29-07-2023,31-07-2023,,536.59,GBP,Yes,Yes,,20.5,41,Approved,Yes,
RPT-010443,Air Travel,05-08-2024,EMP-0102,Meera Iyer,Procurement,CC-PRO-001,GM Procurement,Mumbai,Project Review,Corporate Card,DEL,CDG,Delhi,Paris,,AF,Air France,AF316,Economy,,,,,,48118.48,SGD,Yes,Yes,,,,Approved,Yes,
RPT-010444,Ground - Corporate Car,03-07-2023,EMP-0011,Rajesh Sharma,Finance,CC-FIN-001,VP Finance,Mumbai,Training,Corporate Card,,,,,,,,,,,,,,Corporate Car,6232.11,INR,Yes,Yes,,0.17,18.19,Approved,Yes,
RPT-010445,Ground - Airport Transfer,27-04-2024,EMP-0045,Amit Kulkarni,Supply Chain,CC-SCM-001,Manager,Pune,Site Visit,Corporate Card,,,,,,,,,,,,,,Airport Transfer,6297.13,INR,Yes,Yes,,,,Approved,No,
RPT-010446,Ground - Train/Metro,17-04-2024,EMP-0154,Deepa Krishnan,Projects,CC-PRJ-002,Project Lead,Chennai,Site Visit,Personal Card,,,,,,,,,,,,,,Train/Metro,4877.47,INR,Yes,Yes,,,,Approved,Yes,
RPT-010447,Air Travel,04-05-2023,EMP-0115,Arun Patel,Sales,CC-SAL-003,Sales Director,Ahmedabad,Project Review,Cash,DEL,DXB,Delhi,Dubai,2194,EK,Emirates,EK116,Economy,,,,,,46909.48,EUR,Yes,Yes,,0.195,855.66,Approved,Yes,
RPT-010448,Hotel,30-07-2023,EMP-0193,Suresh Kumar,Sales,CC-SAL-001,Regional Head,Delhi,Audit,Corporate Card,,,,,,,,,,Park Hyatt,Hyderabad,30-07-2023,03-08-2023,,65411.12,INR,Yes,No,Hotel rate exceeds INR 15000/night policy cap,20.5,82,Approved,Yes,
RPT-010449,Ground - Bus,05-11-2024,EMP-0180,Ananya Banerjee,Operations,CC-OPS-001,AGM,Kolkata,Tender Submission,Corporate Card,,,,,,,,,,,,,,Bus,1147.39,INR,Yes,Yes,,,,Approved,Yes,
RPT-010450,Air Travel,24-02-2023,EMP-0102,Meera Iyer,Procurement,CC-PRO-001,GM Procurement,Mumbai,Board Meeting,Corporate Card,BOM,MAA,Mumbai,Chennai,1337,6E,Air India,6E812,Business,,,,,,34808.7,INR,Yes,No,Domestic business/first not permitted without VP approval,0.255,340.94,Approved,Yes,
RPT-010451,Air Travel,28-08-2023,EMP-0219,Nikhil Desai,Procurement,CC-PRO-002,Analyst,Mumbai,Client Meeting,Corporate Card,BOM,DXB,Mumbai,Dubai,1935,EK,Emirates,EK575,Economy,,,,,,69783.77,INR,Yes,Yes,,0.195,754.65,Approved,Yes,
RPT-010452,Hotel,22-06-2024,EMP-0219,Nikhil Desai,Procurement,CC-PRO-002,Analyst,Mumbai,Board Meeting,Corporate Card,,,,,,,,,,The Gateway Hotel,Ahmedabad,22-06-2024,25-06-2024,,34753.59,INR,Yes,Yes,,20.5,61.5,Approved,Yes,
RPT-010453,Air Travel,22-07-2023,EMP-0219,Nikhil Desai,Procurement,CC-PRO-002,Analyst,Mumbai,Site Visit,Corporate Card,DEL,CCU,Delhi,Kolkata,1305,6E,IndiGo,6E910,Business,,,,,,41379.52,INR,Yes,No,Domestic business/first not permitted without VP approval,0.255,665.55,Approved,Yes,
RPT-010454,Air Travel,16-08-2024,EMP-0102,Meera Iyer,Procurement,CC-PRO-001,GM Procurement,Mumbai,Project Review,Corporate Card,DEL,HYD,Delhi,Hyderabad,,AI,SpiceJet,AI129,Economy,,,,,,6548.98,INR,Yes,Yes,,,,Pending,No,
RPT-010455,Ground - Taxi,16-12-2023,EMP-0167,Rohit Joshi,Finance,CC-FIN-002,Analyst,Pune,Conference,Personal Card,,,,,,,,,,,,,,Taxi,7260.2,INR,Yes,Yes,,0.149,4.92,Approved,Yes,
RPT-010456,Air Travel,19-06-2023,EMP-0045,Amit Kulkarni,Supply Chain,CC-SCM-001,Manager,Pune,Internal Meeting,Corporate Card,DEL,BLR,Delhi,Bangalore,2082,6E,Air India,6E958,Business,,,,,,34025.75,INR,Yes,No,Domestic business/first not permitted without VP approval,0.255,1061.82,Approved,Yes,
RPT-010457,Hotel,25-06-2023,EMP-0206,Lakshmi Pillai,R&D,CC-RND-001,Scientist,Bangalore,Project Review,Personal Card,,,,,,,,,,Park Hyatt,Hyderabad,25-06-2023,29-06-2023,,70485.64,INR,Yes,No,Hotel rate exceeds INR 15000/night policy cap,20.5,82,Approved,Yes,
RPT-010458,Air Travel,15-12-2024,EMP-0154,Deepa Krishnan,Projects,CC-PRJ-002,Project Lead,Chennai,Tender Submission,Corporate Card,DEL,JFK,Delhi,New York,,UA,United Airlines,UA477,Business,,,,,,340934.06,INR,Yes,Yes,,,,Approved,Yes,
RPT-010459,Air Travel,30-05-2023,EMP-0089,Vikram Singh,IT,CC-IT-002,CTO,Delhi,Board Meeting,Personal Card,BOM,MAA,Mumbai,Chennai,,6E,Air India,6E564,Economy,,,,,,7064.49,INR,Yes,Yes,,,,Pending,No,
RPT-010460,Hotel,18-08-2024,EMP-0193,Suresh Kumar,Sales,CC-SAL-001,Regional Head,Delhi,Board Meeting,Corporate Card,,,,,,,,,,Taj Coromandel,Chennai,18-08-2024,23-08-2024,,103594.2,INR,Yes,No,Hotel rate exceeds INR 15000/night policy cap,20.5,102.5,Rejected,Yes,
RPT-010461,Air Travel,24-08-2024,EMP-0128,Kavitha Menon,Legal,CC-LEG-001,Head Legal,Bangalore,Site Visit,Personal Card,MAA,BLR,Chennai,Bangalore,347,AI,IndiGo,AI842,Economy,,,,,,14079.58,INR,Yes,Yes,,0.255,88.48,Approved,Yes,
RPT-010462,Hotel,13-10-2024,EMP-0219,Nikhil Desai,Procurement,CC-PRO-002,Analyst,Mumbai,Audit,Corporate Card,,,,,,,,,,Hyatt Regency Pune,Pune,13-10-2024,16-10-2024,,46284.57,INR,Yes,No,Hotel rate exceeds INR 15000/night policy cap,20.5,61.5,Approved,Yes,
RPT-010463,Hotel,08-08-2024,EMP-0023,Priya Nair,Operations,CC-OPS-002,Sr Manager,Chennai,Board Meeting,Corporate Card,,,,,,,,,,Premier Inn,Dubai,08-08-2024,09-08-2024,,130.15,SGD,Yes,Yes,,20.5,20.5,Approved,No,
RPT-010464,Hotel,13-07-2024,EMP-0141,Sanjay Gupta,Strategy,CC-STR-001,CEO,Mumbai,Tender Submission,Corporate Card,,,,,,,,,,Taj Mahal Delhi,Delhi,13-07-2024,15-07-2024,,50319.04,INR,Yes,No,Hotel rate exceeds INR 15000/night policy cap,20.5,41,Approved,Yes,
RPT-010465,Ground - Auto Rickshaw,27-05-2023,EMP-0141,Sanjay Gupta,Strategy,CC-STR-001,CEO,Mumbai,Project Review,Corporate Card,,,,,,,,,,,,,,Auto Rickshaw,2690.04,INR,Yes,Yes,,0.149,2.09,Rejected,No,
RPT-010466,Hotel,04-12-2024,EMP-0115,Arun Patel,Sales,CC-SAL-003,Sales Director,Ahmedabad,Site Visit,Corporate Card,,,,,,,,,,Novotel Ahmedabad,Ahmedabad,04-12-2024,09-12-2024,,41231.55,INR,Yes,Yes,,20.5,102.5,Approved,No,
RPT-010467,Air Travel,03-06-2024,EMP-0045,Amit Kulkarni,Supply Chain,CC-SCM-001,Manager,Pune,Site Visit,Corporate Card,BOM,SIN,Mumbai,Singapore,4140,SQ,Singapore Airlines,SQ312,Economy,,,,,,64671.89,INR,Yes,Yes,,0.195,1614.6,Approved,Yes,
RPT-010468,Air Travel,26-11-2023,EMP-0154,Deepa Krishnan,Projects,CC-PRJ-002,Project Lead,Chennai,Site Visit,Corporate Card,DEL,SIN,Delhi,Singapore,4101,SQ,Singapore Airlines,SQ973,Business,,,,,,333313.41,INR,Yes,Yes,,0.585,4798.17,Approved,Yes,
RPT-010469,Air Travel,30-01-2024,EMP-0141,Sanjay Gupta,Strategy,CC-STR-001,CEO,Mumbai,Conference,Personal Card,BOM,HYD,Mumbai,Hyderabad,,AI,IndiGo,AI598,First,,,,,,80072.87,INR,Yes,No,Domestic business/first not permitted without VP approval,,,Approved,Yes,
RPT-010470,Ground - Auto Rickshaw,15-01-2023,EMP-0045,Amit Kulkarni,Supply Chain,CC-SCM-001,Manager,Pune,Conference,Corporate Card,,,,,,,,,,,,,,Auto Rickshaw,2413.7,INR,Yes,Yes,,0.149,3.72,Approved,Yes,
RPT-010471,Hotel,20-06-2023,EMP-0102,Meera Iyer,Procurement,CC-PRO-001,GM Procurement,Mumbai,Client Meeting,Corporate Card,,,,,,,,,,Sheraton Times Square,New York,20-06-2023,22-06-2023,,889.04,SGD,Yes,Yes,,20.5,41,Approved,No,
RPT-010472,Air Travel,25-03-2023,EMP-0011,Rajesh Sharma,Finance,CC-FIN-001,VP Finance,Mumbai,Site Visit,Corporate Card,DEL,BLR,Delhi,Bangalore,2082,6E,Air India,6.00E+159,Business,,,,,,32839.53,INR,Yes,No,Domestic business/first not permitted without VP approval,0.255,1061.82,Approved,No,
RPT-010473,Air Travel,05-11-2024,EMP-0023,Priya Nair,Operations,CC-OPS-002,Sr Manager,Chennai,Conference,Personal Card,DEL,NRT,Delhi,Tokyo,5846,NH,ANA,NH600,First,,,,,,898263.37,INR,Yes,Yes,,0.975,11399.7,Approved,Yes,
RPT-010474,Air Travel,03-12-2023,EMP-0089,Vikram Singh,IT,CC-IT-002,CTO,Delhi,Board Meeting,Corporate Card,BOM,BLR,Mumbai,Bangalore,984,6E,SpiceJet,6E870,Business,,,,,,42076.5,INR,Yes,No,Domestic business/first not permitted without VP approval,0.255,250.92,Approved,No,
RPT-010475,Air Travel,23-10-2024,EMP-0180,Ananya Banerjee,Operations,CC-OPS-001,AGM,Kolkata,Client Meeting,Corporate Card,BOM,SIN,Mumbai,Singapore,4140,SQ,Singapore Airlines,SQ776,First,,,,,,684343.98,INR,Yes,Yes,,0.975,4036.5,Rejected,Yes,
RPT-010476,Hotel,08-07-2024,EMP-0115,Arun Patel,Sales,CC-SAL-003,Sales Director,Ahmedabad,Training,Cash,,,,,,,,,,Premier Inn,Dubai,08-07-2024,09-07-2024,,14325.14,INR,Yes,Yes,,20.5,20.5,Approved,Yes,
RPT-010477,Hotel,11-03-2023,EMP-0141,Sanjay Gupta,Strategy,CC-STR-001,CEO,Mumbai,Board Meeting,Corporate Card,,,,,,,,,,Ibis Novena,Singapore,11-03-2023,16-03-2023,,718.65,GBP,Yes,Yes,,20.5,102.5,Approved,Yes,
RPT-010478,Air Travel,18-04-2023,EMP-0115,Arun Patel,Sales,CC-SAL-003,Sales Director,Ahmedabad,Audit,Personal Card,BOM,SIN,Mumbai,Singapore,,SQ,Singapore Airlines,SQ579,Business,,,,,,326054.2,INR,Yes,Yes,,,,Approved,Yes,
RPT-010479,Air Travel,06-07-2023,EMP-0180,Ananya Banerjee,Operations,CC-OPS-001,AGM,Kolkata,Training,Corporate Card,BOM,HKG,Mumbai,Hong Kong,4261,CX,Cathay Pacific,CX375,Economy,,,,,,43823.9,INR,Yes,Yes,,0.195,1661.79,Approved,Yes,
RPT-010480,Air Travel,22-07-2024,EMP-0180,Ananya Banerjee,Operations,CC-OPS-001,AGM,Kolkata,Client Meeting,Corporate Card,BOM,PNQ,Mumbai,Pune,,AI,IndiGo,AI700,Economy,,,,,,10181.15,INR,Yes,Yes,,,,Rejected,Yes,
RPT-010481,Air Travel,22-10-2023,EMP-0180,Ananya Banerjee,Operations,CC-OPS-001,AGM,Kolkata,Project Review,Corporate Card,DEL,DXB,Delhi,Dubai,2194,EK,Emirates,EK696,Economy,,,,,,59855.94,EUR,Yes,Yes,,0.195,855.66,Approved,Yes,
RPT-010482,Air Travel,30-09-2024,EMP-0219,Nikhil Desai,Procurement,CC-PRO-002,Analyst,Mumbai,Audit,Corporate Card,BOM,SIN,Mumbai,Singapore,4140,SQ,Singapore Airlines,SQ504,Business,,,,,,277384.79,INR,Yes,Yes,,0.585,4843.8,Approved,No,
RPT-010483,Air Travel,22-05-2023,EMP-0102,Meera Iyer,Procurement,CC-PRO-001,GM Procurement,Mumbai,Internal Meeting,Corporate Card,BOM,AMD,Mumbai,Ahmedabad,530,AI,Air India,AI370,Economy,,,,,,16952.59,INR,Yes,Yes,,0.255,270.3,Rejected,No,
RPT-010484,Ground - Corporate Car,29-01-2024,EMP-0023,Priya Nair,Operations,CC-OPS-002,Sr Manager,Chennai,Tender Submission,Cash,,,,,,,,,,,,,,Corporate Car,4186.44,INR,Yes,Yes,,0.17,47.43,Approved,No,
RPT-010485,Ground - Auto Rickshaw,11-08-2024,EMP-0067,Sunita Reddy,HR,CC-HR-001,Director HR,Hyderabad,Site Visit,Corporate Card,,,,,,,,,,,,,,Auto Rickshaw,683.66,INR,Yes,Yes,,,,Approved,No,
RPT-010486,Air Travel,09-12-2024,EMP-0206,Lakshmi Pillai,R&D,CC-RND-001,Scientist,Bangalore,Internal Meeting,Corporate Card,BOM,DXB,Mumbai,Dubai,1935,EK,Emirates,EK641,First,,,,,,693325.69,EUR,Yes,Yes,,0.975,3773.25,Approved,Yes,
RPT-010487,Ground - Bus,14-09-2023,EMP-0011,Rajesh Sharma,Finance,CC-FIN-001,VP Finance,Mumbai,Site Visit,Corporate Card,,,,,,,,,,,,,,Bus,5677.47,INR,Yes,Yes,,,,Pending,Yes,
RPT-010488,Air Travel,10-03-2024,EMP-0193,Suresh Kumar,Sales,CC-SAL-001,Regional Head,Delhi,Board Meeting,Corporate Card,BOM,MAA,Mumbai,Chennai,1337,6E,Air India,6E711,Economy,,,,,,9984.73,INR,Yes,Yes,,0.255,681.87,Pending,Yes,
RPT-010489,Ground - Ola Outstation,17-12-2023,EMP-0206,Lakshmi Pillai,R&D,CC-RND-001,Scientist,Bangalore,Tender Submission,Corporate Card,,,,,,,,,,,,,,Ola Outstation,2054.48,INR,Yes,Yes,,0.17,22.1,Approved,No,
RPT-010490,Hotel,01-04-2023,EMP-0180,Ananya Banerjee,Operations,CC-OPS-001,AGM,Kolkata,Board Meeting,Corporate Card,,,,,,,,,,Hilton Canary Wharf,London,01-04-2023,06-04-2023,,136016.35,INR,Yes,Yes,,20.5,102.5,Approved,Yes,
RPT-010491,Air Travel,10-10-2023,EMP-0115,Arun Patel,Sales,CC-SAL-003,Sales Director,Ahmedabad,Site Visit,Personal Card,BLR,HYD,Bangalore,Hyderabad,569,6E,IndiGo,6.00E+143,First,,,,,,72005.93,INR,Yes,No,Domestic business/first not permitted without VP approval,0.255,145.09,Approved,Yes,
RPT-010492,Hotel,21-05-2024,EMP-0141,Sanjay Gupta,Strategy,CC-STR-001,CEO,Mumbai,Tender Submission,Corporate Card,,,,,,,,,,Hilton Midtown,New York,21-05-2024,22-05-2024,,46380.75,INR,Yes,Yes,,20.5,20.5,Pending,No,
RPT-010493,Hotel,16-07-2023,EMP-0102,Meera Iyer,Procurement,CC-PRO-001,GM Procurement,Mumbai,Tender Submission,Personal Card,,,,,,,,,,Ibis Pune,Pune,16-07-2023,20-07-2023,,19841.16,INR,Yes,Yes,,20.5,82,Pending,No,
RPT-010494,Hotel,24-10-2024,EMP-0193,Suresh Kumar,Sales,CC-SAL-001,Regional Head,Delhi,Audit,Corporate Card,,,,,,,,,,The Westin,Chennai,24-10-2024,27-10-2024,,45625.23,INR,Yes,No,Hotel rate exceeds INR 15000/night policy cap,20.5,61.5,Pending,Yes,
RPT-010495,Hotel,06-12-2024,EMP-0180,Ananya Banerjee,Operations,CC-OPS-001,AGM,Kolkata,Conference,Corporate Card,,,,,,,,,,Marriott Marquis,New York,06-12-2024,10-12-2024,,2753.05,GBP,Yes,Yes,,20.5,82,Approved,No,
RPT-010496,Hotel,30-05-2024,EMP-0089,Vikram Singh,IT,CC-IT-002,CTO,Delhi,Audit,Corporate Card,,,,,,,,,,Taj Coromandel,Chennai,30-05-2024,02-06-2024,,51190.86,INR,Yes,No,Hotel rate exceeds INR 15000/night policy cap,20.5,61.5,Approved,Yes,
RPT-010497,Air Travel,22-10-2024,EMP-0115,Arun Patel,Sales,CC-SAL-003,Sales Director,Ahmedabad,Internal Meeting,Corporate Card,DEL,BLR,Delhi,Bangalore,2082,6E,Air India,6.00E+183,First,,,,,,59750.04,INR,Yes,No,Domestic business/first not permitted without VP approval,0.255,1061.82,Approved,Yes,
RPT-010498,Air Travel,08-01-2025,EMP-0102,Meera Iyer,Procurement,CC-PRO-001,GM Procurement,Mumbai,Training,Corporate Card,BOM,CCU,Mumbai,Kolkata,1672,6E,Air India,6E423,Business,,,,,,35431.64,INR,Yes,No,Domestic business/first not permitted without VP approval,0.255,426.36,Pending,No,
RPT-010499,Hotel,11-02-2024,EMP-0206,Lakshmi Pillai,R&D,CC-RND-001,Scientist,Bangalore,Tender Submission,Corporate Card,,,,,,,,,,ITC Gardenia,Bangalore,11-02-2024,13-02-2024,,39596.64,INR,Yes,No,Hotel rate exceeds INR 15000/night policy cap,20.5,41,Approved,Yes,
RPT-010500,Ground - Corporate Car,16-05-2024,EMP-0180,Ananya Banerjee,Operations,CC-OPS-001,AGM,Kolkata,Internal Meeting,Cash,,,,,,,,,,,,,,Corporate Car,3050.07,INR,Yes,Yes,,0.17,63.75,Approved,No,
