ACCOUNT_NO,METER_ID,SITE_NAME,ADDRESS,CITY,STATE,DISCOM,TARIFF_CATEGORY,TARIFF_CODE,SUPPLY_VOLTAGE,HV_LV,CONTRACTED_DEMAND_KVA,PERIOD_START,PERIOD_END,BILLING_DAYS,BILL_DATE,DUE_DATE,METER_READ_START,METER_READ_END,READ_TYPE,CONSUMPTION,CONSUMPTION_UNIT,PEAK_KWH,OFFPEAK_KWH,SHOULDER_KWH,MAX_DEMAND,DEMAND_UNIT,POWER_FACTOR,SUPPLY_CHARGE_INR,ENERGY_CHARGE_INR,DEMAND_CHARGE_INR,PF_PENALTY_INR,REGULATORY_CHARGE_INR,ELECTRICITY_DUTY_INR,TOTAL_BILL_INR,CURRENCY,BILL_REFERENCE,PAYMENT_STATUS
ACC-MUM-001001,MTR-4421039,Corporate HQ Tower A,"Bandra Kurla Complex, BKC",Mumbai,Maharashtra,BEST,Commercial HT,HT-COM-1,11kV,HT,800,18-01-2023,17-02-2023,31,03-Mar-23,23-03-2023,6877627,6921892,EST,44265,kWh,16708,11666,15986,701.6,kVA,,2635,311386,253745.33,0,12238.91,84769.7,664774.94,INR,BILL-001001-202301,PAID
ACC-MUM-001001,MTR-4421039,Corporate HQ Tower A,"Bandra Kurla Complex, BKC",Mumbai,Maharashtra,BEST,Commercial HT,HT-COM-1,11kV,HT,800,18-02-2023,23-03-2023,34,07-04-2023,28-04-2023,6921987,6969666,ACT,47679,kWh,22987,17999,6693,583,kVA,0.919,2890,334496.7,231256.67,0,11677.24,84863.01,665183.62,INR,BILL-001001-202302,PAID
ACC-MUM-001001,MTR-4421039,Corporate HQ Tower A,"Bandra Kurla Complex, BKC",Mumbai,Maharashtra,BEST,Commercial HT,HT-COM-1,11kV,HT,800,24-03-2023,21-04-2023,29,03-05-2023,24-05-2023,6969666,7027736,EST,58070,kWh,29188,16251,8083,545.6,kVA,0.871,2465,387567.6,184594.67,11239.46,11804.91,85824.34,683495.98,INR,BILL-001001-202303,PAID
ACC-MUM-001001,MTR-4421039,Corporate HQ Tower A,"Bandra Kurla Complex, BKC",Mumbai,Maharashtra,BEST,Commercial HT,HT-COM-1,11kV,HT,800,22-04-2023,25-05-2023,34,31-05-2023,28-Jun-23,7023188,7108426,ACT,85238,kWh,32270,29203,23765,541.2,kW,0.967,2890,587752.6,214676,0,24113.13,120364.29,949796.02,INR,BILL-001001-202304,PAID
ACC-MUM-001001,MTR-4421039,Corporate HQ Tower A,"Bandra Kurla Complex, BKC",Mumbai,Maharashtra,BEST,Commercial HT,HT-COM-1,11kV,HT,800,26-05-2023,29-06-2023,35,04-07-2023,23-07-2023,7108426,7192485,EST,84059,kWh,44391,32986,12542,525.7,kVA,,2975,634136.3,214660.83,0,17088.66,127319.57,996180.36,INR,BILL-001001-202305,PAID
ACC-MUM-001001,MTR-4421039,Corporate HQ Tower A,"Bandra Kurla Complex, BKC",Mumbai,Maharashtra,BEST,Commercial HT,HT-COM-1,11kV,HT,800,30-06-2023,30-07-2023,31,08-08-2023,26-Aug-23,7198345,7285419,EST,87074,kWh,34547,28773,18480,593.4,kW,0.894,2635,568933.1,214613,3413.6,23494.57,117531.91,930621.18,INR,BILL-001001-202306,PAID
ACC-MUM-001001,MTR-4421039,Corporate HQ Tower A,"Bandra Kurla Complex, BKC",Mumbai,Maharashtra,BEST,Commercial HT,HT-COM-1,11kV,HT,800,31-07-2023,01-Sep-23,33,12-Sep-23,11-10-2023,7280145,7344032,ACT,63887,kWh,33267,18138,12482,648.7,kW,0.891,2805,461964.7,249749.5,4157.68,16934.3,106757.13,842368.31,INR,BILL-001001-202307,PAID
ACC-MUM-001001,MTR-4421039,Corporate HQ Tower A,"Bandra Kurla Complex, BKC",Mumbai,Maharashtra,BEST,Commercial HT,HT-COM-1,11kV,HT,800,02-09-2023,03-10-2023,32,09-10-2023,02-11-2023,7344032,7416746,ACT,72714,kWh,38169,26776,7769,642.1,kVA,0.883,2720,516500.9,239717.33,8780.52,32025.73,113432.73,913177.21,INR,BILL-001001-202309,PAID
ACC-MUM-001001,MTR-4421039,Corporate HQ Tower A,"Bandra Kurla Complex, BKC",Mumbai,Maharashtra,BEST,Commercial HT,HT-COM-1,11kV,HT,800,04-10-2023,07-11-2023,35,15-11-2023,12-12-2023,7416746,7477279,ACT,60533,kWh,23580,15172,21781,588,kVA,0.961,2975,427435.2,240100,0,23417.06,100130.28,794057.54,INR,BILL-001001-202310,PAID
ACC-MUM-001001,MTR-4421039,Corporate HQ Tower A,"Bandra Kurla Complex, BKC",Mumbai,Maharashtra,BEST,Commercial HT,HT-COM-1,11kV,HT,800,08-11-2023,11-12-2023,34,21-12-2023,17-01-2024,7477279,7531188,ACT,53909,kWh,24277,15115,14517,638.7,kVA,0.977,2890,383668.1,253351,0,20779.84,95552.86,756241.8,INR,BILL-001001-202311,PAID
ACC-MUM-001001,MTR-4421039,Corporate HQ Tower A,"Bandra Kurla Complex, BKC",Mumbai,Maharashtra,BEST,Commercial HT,HT-COM-1,11kV,HT,800,12-12-2023,15-01-2024,35,28-01-2024,21-02-2024,7531188,7585566,EST,54378,kWh,17599,13208,18891,573.5,kVA,0.975,2975,346731.9,234179.17,0,18375.41,87136.66,689398.14,INR,BILL-001001-202312,PAID
ACC-MUM-001001,MTR-4421039,Corporate HQ Tower A,"Bandra Kurla Complex, BKC",Mumbai,Maharashtra,BEST,Commercial HT,HT-COM-1,11kV,HT,800,16-01-2024,19-Feb-24,35,29-02-2024,19-03-2024,7580886,7636374,EST,55488,kWh,30976,22205,5225,691.2,kVA,0.923,2975,414292,282240,0,12877.29,104479.8,816864.09,INR,BILL-001001-202401,PAID
ACC-MUM-001001,MTR-4421039,Corporate HQ Tower A,"Bandra Kurla Complex, BKC",Mumbai,Maharashtra,BEST,Commercial HT,HT-COM-1,11kV,HT,800,20-02-2024,25-03-2024,35,08-04-2024,08-05-2024,7639292,7694963,ACT,55671,kWh,30401,18357,6913,783.1,kVA,0.865,2975,400873.3,319765.83,14030.57,13958.13,108095.87,859698.7,INR,BILL-001001-202402,PAID
ACC-MUM-001001,MTR-4421039,Corporate HQ Tower A,"Bandra Kurla Complex, BKC",Mumbai,Maharashtra,BEST,Commercial HT,HT-COM-1,11kV,HT,800,26-03-2024,27-04-2024,33,08-05-2024,31-05-2024,7694963,7749601,ACT,54638,kWh,25550,14049,15039,491,kVA,0.88,2805,392495,189035,7849.9,21928.97,87229.5,701343.37,INR,BILL-001001-202403,PAID
ACC-MUM-001001,MTR-4421039,Corporate HQ Tower A,"Bandra Kurla Complex, BKC",Mumbai,Maharashtra,BEST,Commercial HT,HT-COM-1,11kV,HT,800,28-04-2024,01-06-2024,35,08-06-2024,01-07-2024,7749601,7830068,ACT,80467,kWh,34040,26872,19555,540.3,kVA,0.941,2975,562048.4,220622.5,0,14036.58,117400.63,917083.11,INR,BILL-001001-202404,PAID
ACC-MUM-001001,MTR-4421039,Corporate HQ Tower A,"Bandra Kurla Complex, BKC",Mumbai,Maharashtra,BEST,Commercial HT,HT-COM-1,11kV,HT,800,02-06-2024,30-06-2024,29,05-07-2024,01-08-2024,7830068,7894899,ACT,64831,kWh,33983,23180,7668,667,kVA,0.929,2465,461533.9,225668.33,0,27094.52,103080.33,819842.08,INR,BILL-001001-202406,PAID
ACC-MUM-001001,MTR-4421039,Corporate HQ Tower A,"Bandra Kurla Complex, BKC",Mumbai,Maharashtra,BEST,Commercial HT,HT-COM-1,11kV,HT,800,01-07-2024,30-Jul-24,30,11-08-2024,26-08-2024,7894899,7957339,EST,62440,kWh,30984,21435,5673,718,kVA,0.924,2550,413402.4,251300,0,10867.91,99705.36,777825.67,INR,BILL-001001-202407,PAID
ACC-MUM-001001,MTR-4421039,Corporate HQ Tower A,"Bandra Kurla Complex, BKC",Mumbai,Maharashtra,BEST,Commercial HT,HT-COM-1,11kV,HT,800,31-07-2024,01-09-2024,33,10-09-2024,05-10-2024,7952991,8017512,EST,64521,kWh,32575,17657,19542,676.8,kW,0.887,2805,501589.5,260568,6520.66,17952.9,114323.62,903759.68,INR,BILL-001001-202407,PAID
ACC-MUM-001001,MTR-4421039,Corporate HQ Tower A,"Bandra Kurla Complex, BKC",Mumbai,Maharashtra,BEST,Commercial HT,HT-COM-1,11kV,HT,800,02-09-2024,04-10-2024,33,19-10-2024,13-11-2024,8022765,8099587,EST,76822,kWh,39867,22472,10979,562.3,kVA,0.87,2805,530381.1,216485.5,15911.43,21182.13,112029.99,898795.15,INR,BILL-001001-202409,PAID
ACC-MUM-001001,MTR-4421039,Corporate HQ Tower A,"Bandra Kurla Complex, BKC",Mumbai,Maharashtra,BEST,Commercial HT,HT-COM-1,11kV,HT,800,05-10-2024,01-Nov-24,28,09-11-2024,01-12-2024,8096083,8148271,ACT,52188,kWh,19976,17487,14725,612.2,kVA,0.854,2380,360858.4,199985.33,16599.49,17680.15,84126.56,681629.93,INR,BILL-001001-202410,PAID
ACC-MUM-001001,MTR-4421039,Corporate HQ Tower A,"Bandra Kurla Complex, BKC",Mumbai,Maharashtra,BEST,Commercial HT,HT-COM-1,11kV,HT,800,02-11-2024,01-12-2024,30,06-12-2024,22-Dec-24,8148271,8197890,EST,49619,kWh,29040,21426,3573,502.5,kVA,,2550,382551.6,175875,0,14914.91,83763.99,659655.5,INR,BILL-001001-202411,PAID
ACC-MUM-001001,MTR-4421039,Corporate HQ Tower A,"Bandra Kurla Complex, BKC",Mumbai,Maharashtra,BEST,Commercial HT,HT-COM-1,11kV,HT,800,02-12-2024,04-Jan-25,34,18-01-2025,08-02-2025,8202310,8259402,ACT,57092,kWh,21964,18344,16784,752.8,kVA,,2890,396214,298610.67,0,20077.87,104223.7,822016.24,INR,BILL-001001-202412,PAID
ACC-MUM-001001,MTR-4421039,Corporate HQ Tower A,"Bandra Kurla Complex, BKC",Mumbai,Maharashtra,BEST,Commercial HT,HT-COM-1,11kV,HT,800,18-01-2025,15-02-2025,29,23-Feb-25,18-03-2025,8259402,8299260,EST,39858,kWh,19672,13784,9040,509.5,kVA,0.973,2465,300360.8,172380.83,0,6576.24,70911.24,552694.11,INR,BILL-001001-202501,UNPAID
ACC-MUM-001001,MTR-4421039,Corporate HQ Tower A,"Bandra Kurla Complex, BKC",Mumbai,Maharashtra,BEST,Commercial HT,HT-COM-1,11kV,HT,800,16-02-2025,18-03-2025,31,28-03-2025,15-04-2025,8301898,8343112,EST,41214,kWh,18634,15439,9479,641.4,kVA,0.857,2635,303129,231973,13034.55,13702.83,80265.3,644739.68,INR,BILL-001001-202502,DISPUTED
ACC-MUM-001001,MTR-4421039,Corporate HQ Tower A,"Bandra Kurla Complex, BKC",Mumbai,Maharashtra,BEST,Commercial HT,HT-COM-1,11kV,HT,800,19-03-2025,18-04-2025,31,01-05-2025,20-05-2025,8345450,8404997,ACT,59547,kWh,21098,16458,21991,547.5,kVA,,2635,414453.4,198012.5,0,16686.06,91869.88,723656.84,INR,BILL-001001-202503,DISPUTED
ACC-MUM-001001,MTR-4421039,Corporate HQ Tower A,"Bandra Kurla Complex, BKC",Mumbai,Maharashtra,BEST,Commercial HT,HT-COM-1,11kV,HT,800,19-04-2025,22-05-2025,34,04-Jun-25,01-07-2025,8404997,8492925,ACT,87928,kWh,46678,25448,15802,696.5,kVA,0.886,2890,636546.2,276278.33,8911.65,18984.7,136923.68,1080534.56,INR,BILL-001001-202504,PAID
ACC-MUM-001001,MTR-4421039,Corporate HQ Tower A,"Bandra Kurla Complex, BKC",Mumbai,Maharashtra,BEST,Commercial HT,HT-COM-1,11kV,HT,800,23-May-25,22-06-2025,31,04-Jul-25,02-08-2025,8492925,8568653,ACT,75728,kWh,35621,21907,18200,631.1,kW,0.914,2635,540454.9,228247.83,0,21033.13,115305.41,907676.27,INR,BILL-001001-202505,PAID
ACC-MUM-001001,MTR-4421039,Corporate HQ Tower A,"Bandra Kurla Complex, BKC",Mumbai,Maharashtra,BEST,Commercial HT,HT-COM-1,11kV,HT,800,23-06-2025,24-07-2025,32,04-08-2025,25-08-2025,8568653,8632549,EST,63896,kWh,37293,22169,10238,629,kVA,,2720,501887.7,234826.67,0,12070.6,110507.16,862012.13,INR,BILL-001001-202506,PAID
ACC-MUM-001001,MTR-4421039,Corporate HQ Tower A,"Bandra Kurla Complex, BKC",Mumbai,Maharashtra,BEST,Commercial HT,HT-COM-1,11kV,HT,800,25-07-2025,21-Aug-25,28,27-08-2025,21-09-2025,8638353,8692391,ACT,54038,kWh,26130,21561,6347,483.9,kVA,0.972,2380,377381.8,158074,0,21382.07,80318.37,639536.24,INR,BILL-001001-202507,PAID
ACC-MUM-001001,MTR-4421039,Corporate HQ Tower A,"Bandra Kurla Complex, BKC",Mumbai,Maharashtra,BEST,Commercial HT,HT-COM-1,11kV,HT,800,22-08-2025,24-09-2025,34,05-10-2025,23-Oct-25,8692391,8755638,ACT,63247,kWh,34136,18695,10416,738.1,kVA,0.948,2890,458198.8,292779.67,0,23690.34,112646.77,890205.58,INR,BILL-001001-202508,DISPUTED
ACC-MUM-001001,MTR-4421039,Corporate HQ Tower A,"Bandra Kurla Complex, BKC",Mumbai,Maharashtra,BEST,Commercial HT,HT-COM-1,11kV,HT,800,25-09-2025,25-10-2025,31,07-11-2025,01-12-2025,8755638,8824867,ACT,69229,kWh,27723,19934,21572,536,kVA,0.875,2635,485991.9,193853.33,12149.8,15160.19,101976.78,811767,INR,BILL-001001-202509,PAID
ACC-MUM-001001,MTR-4421039,Corporate HQ Tower A,"Bandra Kurla Complex, BKC",Mumbai,Maharashtra,BEST,Commercial HT,HT-COM-1,11kV,HT,800,26-10-2025,22-11-2025,28,02-12-2025,29-12-2025,8824867,8876243,ACT,51376,kWh,18828,16097,16451,536.5,kW,,2380,355609.2,175256.67,0,12310.5,79629.88,625186.25,INR,BILL-001001-202510,PAID
ACC-MUM-001001,MTR-4421039,Corporate HQ Tower A,"Bandra Kurla Complex, BKC",Mumbai,Maharashtra,BEST,Commercial HT,HT-COM-1,11kV,HT,800,23-11-2025,21-12-2025,29,04-01-2026,22-01-2026,8876243,8926234,ACT,49991,kWh,27152,14133,8706,603,kVA,0.908,2465,363484.4,204015,0,15631.11,85124.91,670720.42,INR,BILL-001001-202511,PAID
ACC-MUM-001001,MTR-4421039,Corporate HQ Tower A,"Bandra Kurla Complex, BKC",Mumbai,Maharashtra,BEST,Commercial HT,HT-COM-1,11kV,HT,800,22-12-2025,21-01-2026,31,05-02-2026,05-03-2026,8926234,8976150,ACT,49916,kWh,27060,16999,5857,649.4,kVA,0.96,2635,358232.4,234866.33,0,7733.22,88964.81,692431.76,INR,BILL-001001-202512,UNPAID
ACC-MUM-001002,MTR-4421040,Corporate HQ Tower B,"Bandra Kurla Complex, BKC",Mumbai,Maharashtra,BEST,Commercial HT,HT-COM-1,11kV,HT,600,17-01-2023,15-02-2023,30,28-Feb-23,25-03-2023,5013922,5051276,ACT,37354,kWh,18850,9902,8602,457.8,kW,0.905,2550,270209,160230,0,7570.21,64565.85,505125.06,INR,BILL-001002-202301,PAID
ACC-MUM-001002,MTR-4421040,Corporate HQ Tower B,"Bandra Kurla Complex, BKC",Mumbai,Maharashtra,BEST,Commercial HT,HT-COM-1,11kV,HT,600,16-02-2023,20-Mar-23,33,03-Apr-23,30-04-2023,5051276,5088965,EST,37689,kWh,19746,14698,2554,408.4,kW,0.969,2805,261637.8,157234,0,12365.06,62830.77,496872.63,INR,BILL-001002-202302,PAID
ACC-MUM-001002,MTR-4421040,Corporate HQ Tower B,"Bandra Kurla Complex, BKC",Mumbai,Maharashtra,BEST,Commercial HT,HT-COM-1,11kV,HT,600,21-03-2023,19-04-2023,30,26-04-2023,15-05-2023,5088274,5128129,ACT,39855,kWh,19541,14646,5668,508.5,kW,0.884,2550,280800.1,177975,4492.8,12583.11,68816.26,547217.27,INR,BILL-001002-202303,PAID
ACC-MUM-001002,MTR-4421040,Corporate HQ Tower B,"Bandra Kurla Complex, BKC",Mumbai,Maharashtra,BEST,Commercial HT,HT-COM-1,11kV,HT,600,20-04-2023,22-05-2023,33,27-05-2023,26-Jun-23,5128129,5186435,ACT,58306,kWh,28001,18948,11357,428.7,kVA,,2805,413765.7,165049.5,0,24896.44,86822.28,693338.92,INR,BILL-001002-202304,PAID
ACC-MUM-001002,MTR-4421040,Corporate HQ Tower B,"Bandra Kurla Complex, BKC",Mumbai,Maharashtra,BEST,Commercial HT,HT-COM-1,11kV,HT,600,23-05-2023,19-06-2023,28,25-Jun-23,10-07-2023,5186435,5243524,ACT,57089,kWh,28251,22255,6583,462.8,kVA,0.949,2380,400623.9,151181.33,0,12273.44,82770.78,649229.45,INR,BILL-001002-202305,PAID
ACC-MUM-001002,MTR-4421040,Corporate HQ Tower B,"Bandra Kurla Complex, BKC",Mumbai,Maharashtra,BEST,Commercial HT,HT-COM-1,11kV,HT,600,20-Jun-23,19-07-2023,30,01-08-2023,30-08-2023,5243524,5297346,ACT,53822,kWh,25391,19673,8758,463.8,kW,0.854,2550,377677.5,162330,17373.17,21773,81001.12,662704.79,INR,BILL-001002-202306,PAID
ACC-MUM-001002,MTR-4421040,Corporate HQ Tower B,"Bandra Kurla Complex, BKC",Mumbai,Maharashtra,BEST,Commercial HT,HT-COM-1,11kV,HT,600,20-07-2023,18-08-2023,30,23-Aug-23,17-Sep-23,5297346,5346527,ACT,49181,kWh,20881,18502,9798,511.9,kVA,0.884,2550,340325.3,179165,5445.2,19783.07,77923.54,625192.11,INR,BILL-001002-202307,PAID
ACC-MUM-001002,MTR-4421040,Corporate HQ Tower B,"Bandra Kurla Complex, BKC",Mumbai,Maharashtra,BEST,Commercial HT,HT-COM-1,11kV,HT,600,19-Aug-23,19-09-2023,32,01-10-2023,16-10-2023,5346527,5398749,ACT,52222,kWh,26323,13293,12606,417,kVA,0.938,2720,378589.9,155680,0,10330.89,80140.49,627461.28,INR,BILL-001002-202308,PAID
ACC-MUM-001002,MTR-4421040,Corporate HQ Tower B,"Bandra Kurla Complex, BKC",Mumbai,Maharashtra,BEST,Commercial HT,HT-COM-1,11kV,HT,600,20-09-2023,19-10-2023,30,28-10-2023,23-11-2023,5398749,5450325,ACT,51576,kWh,18114,17125,16337,465.9,kVA,0.913,2550,354110.6,163065,0,12807.39,77576.34,610109.33,INR,BILL-001002-202309,PAID
ACC-MUM-001002,MTR-4421040,Corporate HQ Tower B,"Bandra Kurla Complex, BKC",Mumbai,Maharashtra,BEST,Commercial HT,HT-COM-1,11kV,HT,600,20-Oct-23,18-11-2023,30,30-11-2023,21-12-2023,5450325,5492326,ACT,42001,kWh,21365,13000,7636,435.3,kVA,0.891,2550,301127.3,152355,2710.15,7427.8,68022.35,534192.6,INR,BILL-001002-202310,PAID
ACC-MUM-001002,MTR-4421040,Corporate HQ Tower B,"Bandra Kurla Complex, BKC",Mumbai,Maharashtra,BEST,Commercial HT,HT-COM-1,11kV,HT,600,19-11-2023,19-12-2023,31,30-12-2023,21-01-2024,5492326,5534071,ACT,41745,kWh,16152,14974,10619,379.6,kVA,0.878,2635,287366,137288.67,6322.05,10510.17,63698.2,507820.09,INR,BILL-001002-202311,PAID
ACC-MUM-001002,MTR-4421040,Corporate HQ Tower B,"Bandra Kurla Complex, BKC",Mumbai,Maharashtra,BEST,Commercial HT,HT-COM-1,11kV,HT,600,20-12-2023,22-01-2024,34,01-02-2024,24-02-2024,5534071,5576830,ACT,42759,kWh,16408,16617,9734,469.7,kVA,0.959,2890,292067.6,186314.33,0,12366.94,71757.29,565396.16,INR,BILL-001002-202312,PAID
ACC-MUM-001002,MTR-4421040,Corporate HQ Tower B,"Bandra Kurla Complex, BKC",Mumbai,Maharashtra,BEST,Commercial HT,HT-COM-1,11kV,HT,600,19-01-2024,22-02-2024,35,28-Feb-24,29-03-2024,5576830,5616245,EST,39415,kWh,19753,12996,4237,403.9,kVA,0.852,2975,264291.3,164925.83,12685.98,14533.54,64382.57,523794.22,INR,BILL-001002-202401,PAID
ACC-MUM-001002,MTR-4421040,Corporate HQ Tower B,"Bandra Kurla Complex, BKC",Mumbai,Maharashtra,BEST,Commercial HT,HT-COM-1,11kV,HT,600,23-02-2024,21-03-2024,28,27-03-2024,15-04-2024,5613816,5647846,ACT,34030,kWh,13196,13381,7453,535.9,kVA,0.895,2380,232427.6,175060.67,1162.14,12934.78,61123.24,485088.43,INR,BILL-001002-202402,PAID
ACC-MUM-001002,MTR-4421040,Corporate HQ Tower B,"Bandra Kurla Complex, BKC",Mumbai,Maharashtra,BEST,Commercial HT,HT-COM-1,11kV,HT,600,22-Mar-24,18-04-2024,28,25-Apr-24,24-05-2024,5647846,5684829,ACT,36983,kWh,15551,11280,10152,568.5,kVA,0.888,2380,259873.1,185710,3118.48,7405.01,66837.46,525324.05,INR,BILL-001002-202403,PAID
ACC-MUM-001002,MTR-4421040,Corporate HQ Tower B,"Bandra Kurla Complex, BKC",Mumbai,Maharashtra,BEST,Commercial HT,HT-COM-1,11kV,HT,600,19-04-2024,22-05-2024,34,31-05-2024,26-Jun-24,5684829,5746624,ACT,61795,kWh,30373,19813,11609,509.1,kVA,0.912,2890,440139.3,201943,0,9800.97,96312.35,751085.62,INR,BILL-001002-202404,PAID
ACC-MUM-001002,MTR-4421040,Corporate HQ Tower B,"Bandra Kurla Complex, BKC",Mumbai,Maharashtra,BEST,Commercial HT,HT-COM-1,11kV,HT,600,23-05-2024,25-06-2024,34,05-Jul-24,20-07-2024,5746624,5804568,EST,57944,kWh,24989,20051,14206,513.7,kVA,0.969,2890,413272.5,203767.67,0,19174.48,92556.03,731660.68,INR,BILL-001002-202405,PAID
ACC-MUM-001002,MTR-4421040,Corporate HQ Tower B,"Bandra Kurla Complex, BKC",Mumbai,Maharashtra,BEST,Commercial HT,HT-COM-1,11kV,HT,600,26-06-2024,24-07-2024,29,08-08-2024,07-09-2024,5805870,5855051,ACT,49181,kWh,18016,13787,17378,438.4,kVA,0.977,2465,342998.8,148325.33,0,19737.51,73698.62,587225.26,INR,BILL-001002-202406,PAID
ACC-MUM-001002,MTR-4421040,Corporate HQ Tower B,"Bandra Kurla Complex, BKC",Mumbai,Maharashtra,BEST,Commercial HT,HT-COM-1,11kV,HT,600,25-07-2024,21-08-2024,28,31-08-2024,25-09-2024,5855051,5896784,ACT,41733,kWh,16848,15035,9850,400.8,kVA,0.925,2380,288370,130928,0,14477.96,62894.7,499050.66,INR,BILL-001002-202407,PAID
ACC-MUM-001002,MTR-4421040,Corporate HQ Tower B,"Bandra Kurla Complex, BKC",Mumbai,Maharashtra,BEST,Commercial HT,HT-COM-1,11kV,HT,600,22-08-2024,20-09-2024,30,29-09-2024,25-10-2024,5896784,5945992,ACT,49208,kWh,19656,19135,10417,374.2,kVA,0.971,2550,337413.6,130970,0,19297.67,70257.54,560488.81,INR,BILL-001002-202408,PAID
ACC-MUM-001002,MTR-4421040,Corporate HQ Tower B,"Bandra Kurla Complex, BKC",Mumbai,Maharashtra,BEST,Commercial HT,HT-COM-1,11kV,HT,600,21-Sep-24,24-10-2024,34,03-11-2024,22-11-2024,5945992,6007253,ACT,61261,kWh,31710,23353,6198,413.1,kVA,0.956,2890,433117,163863,0,26891.99,89547,716308.99,INR,BILL-001002-202409,PAID
ACC-MUM-001002,MTR-4421040,Corporate HQ Tower B,"Bandra Kurla Complex, BKC",Mumbai,Maharashtra,BEST,Commercial HT,HT-COM-1,11kV,HT,600,25-10-2024,21-11-2024,28,29-11-2024,24-12-2024,6007253,6054047,EST,46794,kWh,22123,12253,9261,486.2,kVA,0.873,2380,314735.9,158825.33,8497.87,13158.95,71034.18,568632.23,INR,BILL-001002-202410,PAID
ACC-MUM-001002,MTR-4421040,Corporate HQ Tower B,"Bandra Kurla Complex, BKC",Mumbai,Maharashtra,BEST,Commercial HT,HT-COM-1,11kV,HT,600,22-11-2024,20-12-2024,29,26-12-2024,10-01-2025,6050890,6093665,ACT,42775,kWh,22846,15809,4120,546.6,kVA,0.873,2465,304413.8,184933,8219.17,11913.1,73402.02,585346.09,INR,BILL-001002-202411,PAID
ACC-MUM-001002,MTR-4421040,Corporate HQ Tower B,"Bandra Kurla Complex, BKC",Mumbai,Maharashtra,BEST,Commercial HT,HT-COM-1,11kV,HT,600,21-Dec-24,19-01-2025,30,28-01-2025,21-02-2025,6093665,6130211,ACT,36546,kWh,17453,12819,6274,370.2,kVA,0.947,2550,257672.5,129570,0,6695.77,58086.38,454574.65,INR,BILL-001002-202412,PAID
ACC-MUM-001002,MTR-4421040,Corporate HQ Tower B,"Bandra Kurla Complex, BKC",Mumbai,Maharashtra,BEST,Commercial HT,HT-COM-1,11kV,HT,600,19-01-2025,16-02-2025,29,23-02-2025,16-03-2025,6130211,6161660,ACT,31449,kWh,14946,11840,4663,494.1,kVA,0.884,2465,220317.4,167170.5,3525.08,12577.75,58123.19,464178.92,INR,BILL-001002-202501,DISPUTED
ACC-MUM-001002,MTR-4421040,Corporate HQ Tower B,"Bandra Kurla Complex, BKC",Mumbai,Maharashtra,BEST,Commercial HT,HT-COM-1,11kV,HT,600,17-02-2025,20-03-2025,32,03-04-2025,26-Apr-25,6161660,6199914,ACT,38254,kWh,14383,13985,9886,582.1,kVA,0.971,2720,262202.3,217317.33,0,14837.65,71927.94,569005.22,INR,BILL-001002-202502,PAID
ACC-MUM-001002,MTR-4421040,Corporate HQ Tower B,"Bandra Kurla Complex, BKC",Mumbai,Maharashtra,BEST,Commercial HT,HT-COM-1,11kV,HT,600,21-Mar-25,19-04-2025,30,03-05-2025,25-05-2025,6199914,6245781,ACT,45867,kWh,20898,15068,9901,455.6,kVA,0.954,2550,323313.4,159460,0,16114.17,72416.01,573853.58,INR,BILL-001002-202503,UNPAID
ACC-MUM-001002,MTR-4421040,Corporate HQ Tower B,"Bandra Kurla Complex, BKC",Mumbai,Maharashtra,BEST,Commercial HT,HT-COM-1,11kV,HT,600,20-04-2025,22-05-2025,33,29-05-2025,17-06-2025,6245781,6307244,EST,61463,kWh,28716,21567,14035,465.6,kVA,0.898,2805,451672.4,179256,903.34,20488.71,94639.26,749764.71,INR,BILL-001002-202504,DISPUTED
ACC-MUM-001002,MTR-4421040,Corporate HQ Tower B,"Bandra Kurla Complex, BKC",Mumbai,Maharashtra,BEST,Commercial HT,HT-COM-1,11kV,HT,600,23-05-2025,23-Jun-25,32,08-07-2025,31-07-2025,6310099,6369989,ACT,59890,kWh,31302,16527,12061,570.9,kVA,0.854,2720,434022.2,213136,19965.02,24258.27,97073.73,791175.22,INR,BILL-001002-202505,UNPAID
ACC-MUM-001002,MTR-4421040,Corporate HQ Tower B,"Bandra Kurla Complex, BKC",Mumbai,Maharashtra,BEST,Commercial HT,HT-COM-1,11kV,HT,600,24-06-2025,22-07-2025,29,29-07-2025,25-Aug-25,6369989,6428235,ACT,58246,kWh,30241,19853,8152,482.5,kVA,0.958,2465,415717.7,163245.83,0,17156.64,86844.53,685429.7,INR,BILL-001002-202506,DISPUTED
ACC-MUM-001002,MTR-4421040,Corporate HQ Tower B,"Bandra Kurla Complex, BKC",Mumbai,Maharashtra,BEST,Commercial HT,HT-COM-1,11kV,HT,600,23-07-2025,26-08-2025,35,31-Aug-25,17-09-2025,6428235,6483977,ACT,55742,kWh,29108,18924,7710,415.7,kVA,,2975,398250.8,169744.17,0,21575.42,85199.25,677744.64,INR,BILL-001002-202507,PAID
ACC-MUM-001002,MTR-4421040,Corporate HQ Tower B,"Bandra Kurla Complex, BKC",Mumbai,Maharashtra,BEST,Commercial HT,HT-COM-1,11kV,HT,600,27-08-2025,30-09-2025,35,05-10-2025,29-10-2025,6483977,6536519,ACT,52542,kWh,26995,16779,8768,418.2,kVA,0.857,2975,376330.7,170765,16182.22,9199.01,82064.35,657516.28,INR,BILL-001002-202508,DISPUTED
ACC-MUM-001002,MTR-4421040,Corporate HQ Tower B,"Bandra Kurla Complex, BKC",Mumbai,Maharashtra,BEST,Commercial HT,HT-COM-1,11kV,HT,600,01-10-2025,01-Nov-25,32,07-11-2025,24-11-2025,6536519,6585514,ACT,48995,kWh,25264,18017,5714,392.9,kVA,,2720,347287.6,146682.67,0,14883.53,74095.54,585669.34,INR,BILL-001002-202510,DISPUTED
ACC-MUM-001002,MTR-4421040,Corporate HQ Tower B,"Bandra Kurla Complex, BKC",Mumbai,Maharashtra,BEST,Commercial HT,HT-COM-1,11kV,HT,600,02-11-2025,04-12-2025,33,11-12-2025,09-Jan-26,6585514,6627801,EST,42287,kWh,16702,13121,12339,469.9,kVA,0.94,2805,294101.4,180911.5,0,9055.26,71251.93,558125.09,INR,BILL-001002-202511,PAID
ACC-MUM-001002,MTR-4421040,Corporate HQ Tower B,"Bandra Kurla Complex, BKC",Mumbai,Maharashtra,BEST,Commercial HT,HT-COM-1,11kV,HT,600,05-12-2025,04-Jan-26,31,10-01-2026,08-02-2026,6627676,6665365,ACT,37689,kWh,17915,12135,7639,369.5,kW,,2635,267324.7,133635.83,0,9193.66,60144.08,472933.27,INR,BILL-001002-202512,DISPUTED
ACC-MUM-001003,MTR-4421091,Data Centre Level 1,MIDC Andheri,Mumbai,Maharashtra,BEST,Industrial HT,HT-IND-2,33kV,HT,1200,14-01-2023,10-02-2023,28,20-Feb-23,17-03-2023,6875489,7062978,ACT,187489,kWh,79286,53807,54396,854.9,kVA,0.952,3360,1221888.2,231392.93,0,80604.86,217992.17,1755238.16,INR,BILL-001003-202301,PAID
ACC-MUM-001003,MTR-4421091,Data Centre Level 1,MIDC Andheri,Mumbai,Maharashtra,BEST,Industrial HT,HT-IND-2,33kV,HT,1200,11-02-2023,15-03-2023,33,28-03-2023,21-04-2023,7062978,7277389,EST,214411,kWh,123022,85247,28049,935.5,kVA,0.887,3960,1554963.2,298424.5,20214.52,75361.73,278008.15,2230932.1,INR,BILL-001003-202302,PAID
ACC-MUM-001003,MTR-4421091,Data Centre Level 1,MIDC Andheri,Mumbai,Maharashtra,BEST,Industrial HT,HT-IND-2,33kV,HT,1200,16-Mar-23,15-04-2023,31,29-04-2023,16-05-2023,7299296,7583754,EST,284458,kWh,100286,72317,90809,1075.5,kVA,,3720,1702396.8,322291.5,0,127905.51,303703.24,2460017.05,INR,BILL-001003-202303,PAID
ACC-MUM-001003,MTR-4421091,Data Centre Level 1,MIDC Andheri,Mumbai,Maharashtra,BEST,Industrial HT,HT-IND-2,33kV,HT,1200,16-04-2023,16-05-2023,31,25-05-2023,13-06-2023,7562708,7900702,EST,337994,kWh,130252,107320,130111,933.9,kVA,0.908,3720,2350815,279858.7,0,101361.47,394601.05,3130356.22,INR,BILL-001003-202304,PAID
ACC-MUM-001003,MTR-4421091,Data Centre Level 1,MIDC Andheri,Mumbai,Maharashtra,BEST,Industrial HT,HT-IND-2,33kV,HT,1200,17-05-2023,15-Jun-23,30,25-06-2023,10-07-2023,7930391,8233334,ACT,302943,kWh,147787,95356,59800,723.8,kVA,0.952,3600,1995986.1,209902,0,110789.14,330883.22,2651160.46,INR,BILL-001003-202305,PAID
ACC-MUM-001003,MTR-4421091,Data Centre Level 1,MIDC Andheri,Mumbai,Maharashtra,BEST,Industrial HT,HT-IND-2,33kV,HT,1200,16-06-2023,15-07-2023,30,29-07-2023,17-08-2023,8233334,8599259,ACT,365925,kWh,187316,121427,57182,902.8,kVA,0.972,3600,2417174.4,261812,0,134592.91,401847.96,3219027.27,INR,BILL-001003-202306,PAID
ACC-MUM-001003,MTR-4421091,Data Centre Level 1,MIDC Andheri,Mumbai,Maharashtra,BEST,Industrial HT,HT-IND-2,33kV,HT,1200,16-07-2023,18-Aug-23,34,31-08-2023,18-09-2023,8599259,8915754,ACT,316495,kWh,116994,120573,78928,821.6,kVA,0.956,4080,1992356.6,270032.53,0,78409.21,339358.37,2684236.71,INR,BILL-001003-202307,PAID
ACC-MUM-001003,MTR-4421091,Data Centre Level 1,MIDC Andheri,Mumbai,Maharashtra,BEST,Industrial HT,HT-IND-2,33kV,HT,1200,19-08-2023,22-09-2023,35,29-09-2023,25-10-2023,8915754,9269570,ACT,353816,kWh,162209,102752,88855,1175.7,kVA,0.932,4200,2325561.7,397778.5,0,117403.34,408501.03,3253444.57,INR,BILL-001003-202308,PAID
ACC-MUM-001003,MTR-4421091,Data Centre Level 1,MIDC Andheri,Mumbai,Maharashtra,BEST,Industrial HT,HT-IND-2,33kV,HT,1200,23-09-2023,26-10-2023,34,07-Nov-23,27-11-2023,9269570,9571272,EST,301702,kWh,145123,91328,71786,1079.5,kVA,0.85,4080,2029919.3,354795.67,101495.97,125319.07,357707.25,2973317.26,INR,BILL-001003-202309,PAID
ACC-MUM-001003,MTR-4421091,Data Centre Level 1,MIDC Andheri,Mumbai,Maharashtra,BEST,Industrial HT,HT-IND-2,33kV,HT,1200,27-Oct-23,24-11-2023,29,04-12-2023,29-12-2023,9577807,9828883,ACT,251076,kWh,97677,71336,82063,916,kVA,,3480,1622851.7,256785.33,0,62095.5,281945.55,2227158.08,INR,BILL-001003-202310,PAID
ACC-MUM-001003,MTR-4421091,Data Centre Level 1,MIDC Andheri,Mumbai,Maharashtra,BEST,Industrial HT,HT-IND-2,33kV,HT,1200,25-11-2023,25-12-2023,31,05-01-2024,27-01-2024,9828883,10107684,ACT,278801,kWh,129936,107263,41602,826.6,kVA,,3720,1799289.2,247704.47,0,48112.84,307049.05,2405875.56,INR,BILL-001003-202311,PAID
ACC-MUM-001003,MTR-4421091,Data Centre Level 1,MIDC Andheri,Mumbai,Maharashtra,BEST,Industrial HT,HT-IND-2,33kV,HT,1200,26-12-2023,25-01-2024,31,07-02-2024,24-Feb-24,10107684,10348948,ACT,241264,kWh,118927,69357,52980,921.4,kVA,0.866,3720,1600912.9,276112.87,54431.04,58513.07,281553.87,2275243.75,INR,BILL-001003-202312,PAID
ACC-MUM-001003,MTR-4421091,Data Centre Level 1,MIDC Andheri,Mumbai,Maharashtra,BEST,Industrial HT,HT-IND-2,33kV,HT,1200,21-01-2024,20-02-2024,31,03-03-2024,22-03-2024,10348948,10581464,EST,232516,kWh,101147,84420,31584,910.7,kVA,0.884,3720,1400098.1,272906.43,22401.57,59857.22,250950.68,2009934,INR,BILL-001003-202401,PAID
ACC-MUM-001003,MTR-4421091,Data Centre Level 1,MIDC Andheri,Mumbai,Maharashtra,BEST,Industrial HT,HT-IND-2,33kV,HT,1200,21-02-2024,25-03-2024,34,09-04-2024,30-04-2024,10566099,10827421,ACT,261322,kWh,136814,98822,25686,902.8,kVA,0.978,4080,1714429.4,296720.27,0,43395.67,301672.45,2360297.79,INR,BILL-001003-202402,PAID
ACC-MUM-001003,MTR-4421091,Data Centre Level 1,MIDC Andheri,Mumbai,Maharashtra,BEST,Industrial HT,HT-IND-2,33kV,HT,1200,26-03-2024,22-04-2024,28,28-Apr-24,14-05-2024,10827421,11054912,ACT,227491,kWh,103393,77112,46986,830.1,kVA,0.979,3360,1478255.5,224680.4,0,42306.53,255440.38,2004042.81,INR,BILL-001003-202403,PAID
ACC-MUM-001003,MTR-4421091,Data Centre Level 1,MIDC Andheri,Mumbai,Maharashtra,BEST,Industrial HT,HT-IND-2,33kV,HT,1200,23-04-2024,20-05-2024,28,27-05-2024,17-Jun-24,11054912,11392603,ACT,337691,kWh,141482,99415,96794,1097.2,kVA,0.853,3360,2195022.6,296975.47,103166.06,57215.61,373799.71,3029539.45,INR,BILL-001003-202404,PAID
ACC-MUM-001003,MTR-4421091,Data Centre Level 1,MIDC Andheri,Mumbai,Maharashtra,BEST,Industrial HT,HT-IND-2,33kV,HT,1200,21-05-2024,20-06-2024,31,30-06-2024,24-07-2024,11392603,11738409,ACT,345806,kWh,182240,90937,72629,834.5,kW,0.915,3720,2326493.4,250071.83,0,138143.13,386484.78,3104913.14,INR,BILL-001003-202405,PAID
ACC-MUM-001003,MTR-4421091,Data Centre Level 1,MIDC Andheri,Mumbai,Maharashtra,BEST,Industrial HT,HT-IND-2,33kV,HT,1200,21-Jun-24,24-07-2024,34,31-Jul-24,30-08-2024,11738409,12125999,ACT,387590,kWh,160519,132331,94740,1143.5,kVA,0.926,4080,2490676.9,375830.33,0,125998.43,429976.08,3426561.74,INR,BILL-001003-202406,PAID
ACC-MUM-001003,MTR-4421091,Data Centre Level 1,MIDC Andheri,Mumbai,Maharashtra,BEST,Industrial HT,HT-IND-2,33kV,HT,1200,25-07-2024,28-08-2024,35,10-09-2024,07-10-2024,12125999,12425956,EST,299957,kWh,145819,92085,72797,634,kW,0.905,4200,2045319.5,214503.33,0,79547.58,338973.42,2682543.83,INR,BILL-001003-202407,PAID
ACC-MUM-001003,MTR-4421091,Data Centre Level 1,MIDC Andheri,Mumbai,Maharashtra,BEST,Industrial HT,HT-IND-2,33kV,HT,1200,29-08-2024,28-09-2024,31,05-10-2024,21-10-2024,12436700,12760663,ACT,323963,kWh,113438,93641,116884,1048.7,kW,,3720,2070317.8,314260.43,0,115837.69,357686.73,2861822.65,INR,BILL-001003-202408,PAID
ACC-MUM-001003,MTR-4421091,Data Centre Level 1,MIDC Andheri,Mumbai,Maharashtra,BEST,Industrial HT,HT-IND-2,33kV,HT,1200,29-09-2024,27-10-2024,29,09-11-2024,02-12-2024,12760663,13058454,ACT,297791,kWh,107844,117728,72219,783,kVA,,3480,1864819.8,219501,0,97151.24,312648.12,2497600.16,INR,BILL-001003-202409,PAID
ACC-MUM-001003,MTR-4421091,Data Centre Level 1,MIDC Andheri,Mumbai,Maharashtra,BEST,Industrial HT,HT-IND-2,33kV,HT,1200,28-10-2024,26-Nov-24,30,02-12-2024,31-12-2024,13058454,13306828,ACT,248374,kWh,135837,75118,37419,868.7,kVA,0.882,3600,1665676.5,251923,29982.18,41517.7,287639.92,2280339.3,INR,BILL-001003-202410,PAID
ACC-MUM-001003,MTR-4421091,Data Centre Level 1,MIDC Andheri,Mumbai,Maharashtra,BEST,Industrial HT,HT-IND-2,33kV,HT,1200,27-Nov-24,29-12-2024,33,13-01-2025,28-01-2025,13306828,13616058,ACT,309230,kWh,117712,91309,100209,799.1,kVA,0.863,3960,1989503.8,254912.9,73611.64,111926.94,336662.51,2770577.79,INR,BILL-001003-202411,PAID
ACC-MUM-001003,MTR-4421091,Data Centre Level 1,MIDC Andheri,Mumbai,Maharashtra,BEST,Industrial HT,HT-IND-2,33kV,HT,1200,30-12-2024,26-01-2025,28,02-02-2025,21-02-2025,13616058,13814189,ACT,198131,kWh,97331,50328,50472,974.7,kVA,0.92,3360,1323415.7,263818.8,0,36539.63,238085.17,1865219.3,INR,BILL-001003-202412,PAID
ACC-MUM-001003,MTR-4421091,Data Centre Level 1,MIDC Andheri,Mumbai,Maharashtra,BEST,Industrial HT,HT-IND-2,33kV,HT,1200,15-01-2025,16-02-2025,33,27-02-2025,14-03-2025,13814189,14030241,ACT,216052,kWh,85463,81192,49397,828.7,kVA,0.929,3960,1371140.7,264355.3,0,33639.2,245324.4,1918419.6,INR,BILL-001003-202501,PAID
ACC-MUM-001003,MTR-4421091,Data Centre Level 1,MIDC Andheri,Mumbai,Maharashtra,BEST,Industrial HT,HT-IND-2,33kV,HT,1200,17-Feb-25,18-03-2025,30,23-03-2025,17-04-2025,14030241,14221390,ACT,191149,kWh,101602,68695,20852,834.1,kVA,0.878,3600,1261674.2,241889,27756.83,53275.64,225534.48,1813730.15,INR,BILL-001003-202502,DISPUTED
ACC-MUM-001003,MTR-4421091,Data Centre Level 1,MIDC Andheri,Mumbai,Maharashtra,BEST,Industrial HT,HT-IND-2,33kV,HT,1200,19-03-2025,20-Apr-25,33,03-05-2025,31-05-2025,14221390,14521514,ACT,300124,kWh,119317,81823,98984,1133.1,kVA,0.953,3960,1949055.5,361458.9,0,105752.86,346577.16,2766804.42,INR,BILL-001003-202503,UNPAID
ACC-MUM-001003,MTR-4421091,Data Centre Level 1,MIDC Andheri,Mumbai,Maharashtra,BEST,Industrial HT,HT-IND-2,33kV,HT,1200,21-Apr-25,18-05-2025,28,31-05-2025,22-06-2025,14521514,14834942,ACT,313428,kWh,156149,82233,75046,1106.8,kVA,0.869,3360,2093580.7,299573.87,64901,123803.87,358973.19,2944192.63,INR,BILL-001003-202504,UNPAID
ACC-MUM-001003,MTR-4421091,Data Centre Level 1,MIDC Andheri,Mumbai,Maharashtra,BEST,Industrial HT,HT-IND-2,33kV,HT,1200,19-05-2025,22-06-2025,35,28-06-2025,15-07-2025,14834942,15271119,ACT,436177,kWh,181330,110533,144314,923.8,kVA,0.945,4200,2857812.2,312552.33,0,122992.53,475554.68,3773111.74,INR,BILL-001003-202505,PAID
ACC-MUM-001003,MTR-4421091,Data Centre Level 1,MIDC Andheri,Mumbai,Maharashtra,BEST,Industrial HT,HT-IND-2,33kV,HT,1200,23-06-2025,22-07-2025,30,01-08-2025,26-08-2025,15271119,15624620,ACT,353501,kWh,177314,106624,69563,1011.8,kW,0.917,3600,2343866.4,293422,0,81500.54,395593.26,3117982.2,INR,BILL-001003-202506,DISPUTED
ACC-MUM-001003,MTR-4421091,Data Centre Level 1,MIDC Andheri,Mumbai,Maharashtra,BEST,Industrial HT,HT-IND-2,33kV,HT,1200,23-07-2025,22-Aug-25,31,31-08-2025,24-09-2025,15624620,15976401,EST,351781,kWh,116249,85372,120676,1069.7,kVA,0.963,3720,2076343.9,320553.43,0,121530.06,359534.6,2881681.99,INR,BILL-001003-202507,UNPAID
ACC-MUM-001003,MTR-4421091,Data Centre Level 1,MIDC Andheri,Mumbai,Maharashtra,BEST,Industrial HT,HT-IND-2,33kV,HT,1200,23-08-2025,24-09-2025,33,29-09-2025,27-10-2025,15946917,16266357,ACT,319440,kWh,128733,95742,94965,804.8,kVA,0.898,3960,2065335.3,256731.2,4130.67,60883.32,348309.97,2739350.46,INR,BILL-001003-202508,DISPUTED
ACC-MUM-001003,MTR-4421091,Data Centre Level 1,MIDC Andheri,Mumbai,Maharashtra,BEST,Industrial HT,HT-IND-2,33kV,HT,1200,25-09-2025,24-10-2025,30,06-11-2025,02-12-2025,16266357,16550119,ACT,283762,kWh,109877,72476,101409,735.3,kVA,0.924,3600,1844648.9,213237,0,76928.5,308682.88,2447097.28,INR,BILL-001003-202509,UNPAID
ACC-MUM-001003,MTR-4421091,Data Centre Level 1,MIDC Andheri,Mumbai,Maharashtra,BEST,Industrial HT,HT-IND-2,33kV,HT,1200,25-10-2025,23-11-2025,30,02-12-2025,25-12-2025,16550119,16802340,ACT,252221,kWh,110878,86166,55177,1071.5,kVA,0.921,3600,1631630.4,310735,0,102496.58,291354.81,2339816.79,INR,BILL-001003-202510,PAID
ACC-MUM-001003,MTR-4421091,Data Centre Level 1,MIDC Andheri,Mumbai,Maharashtra,BEST,Industrial HT,HT-IND-2,33kV,HT,1200,24-11-2025,25-12-2025,32,09-01-2026,26-Jan-26,16802340,17045141,ACT,242801,kWh,127768,72173,42860,973.7,kVA,0.942,3840,1621529.6,301197.87,0,93495.29,288409.12,2308471.88,INR,BILL-001003-202511,PAID
ACC-MUM-001003,MTR-4421091,Data Centre Level 1,MIDC Andheri,Mumbai,Maharashtra,BEST,Industrial HT,HT-IND-2,33kV,HT,1200,26-12-2025,25-01-2026,31,07-02-2026,23-02-2026,17045141,17285342,ACT,240201,kWh,109359,65347,65495,884.5,kVA,,3720,1583670.7,265055.17,0,74618.08,277308.88,2204372.83,INR,BILL-001003-202512,PAID
ACC-MUM-002001,MTR-7781002,Refinery Complex Main,Mahul Road,Mumbai,Maharashtra,MSEDCL,Industrial EHV,EHV-1,110kV,EHV,8000,13-01-2023,16-02-2023,35,24-02-2023,18-03-2023,7863551,10920362,ACT,3056811,kWh,1184788,1014494,857529,4832.4,kVA,0.979,13300,16643741.6,1522206,0,1243032.78,2724892.14,22147172.52,INR,BILL-002001-202301,PAID
ACC-MUM-002001,MTR-7781002,Refinery Complex Main,Mahul Road,Mumbai,Maharashtra,MSEDCL,Industrial EHV,EHV-1,110kV,EHV,8000,17-02-2023,17-Mar-23,29,31-03-2023,26-04-2023,10920362,13294499,ACT,2374137,kWh,1254189,863031,256917,5849.7,kVA,,11020,13281657.9,1526771.7,0,620019.99,2221264.44,17660734.03,INR,BILL-002001-202302,PAID
ACC-MUM-002001,MTR-7781002,Refinery Complex Main,Mahul Road,Mumbai,Maharashtra,MSEDCL,Industrial EHV,EHV-1,110kV,EHV,8000,18-03-2023,19-Apr-23,33,28-04-2023,13-05-2023,13294499,16171092,ACT,2876.593,MWh,1037709,803116,1035768,6855.7,kVA,0.923,12540,15781720.8,2036142.9,0,862977900,2672679.55,883480983.3,INR,BILL-002001-202303,PAID
ACC-MUM-002001,MTR-7781002,Refinery Complex Main,Mahul Road,Mumbai,Maharashtra,MSEDCL,Industrial EHV,EHV-1,110kV,EHV,8000,20-04-2023,22-05-2023,33,31-05-2023,30-06-2023,16171092,20756002,ACT,4584.91,MWh,1987072,1447970,1149868,5832.6,kVA,0.927,12540,25368459.8,1732282.2,0,1375473000,4065111.3,1406651393,INR,BILL-002001-202304,PAID
ACC-MUM-002001,MTR-7781002,Refinery Complex Main,Mahul Road,Mumbai,Maharashtra,MSEDCL,Industrial EHV,EHV-1,110kV,EHV,8000,23-May-23,26-06-2023,35,01-Jul-23,20-07-2023,20756002,25211804,ACT,4455802,kWh,1929884,1269685,1256233,6276.8,kVA,0.898,13300,24858640.9,1977192,49717.28,1906680.69,4025374.93,32830905.8,INR,BILL-002001-202305,PAID
ACC-MUM-002001,MTR-7781002,Refinery Complex Main,Mahul Road,Mumbai,Maharashtra,MSEDCL,Industrial EHV,EHV-1,110kV,EHV,8000,27-Jun-23,26-07-2023,30,08-08-2023,04-09-2023,25211804,29103385,ACT,3891581,kWh,1846531,1375744,669306,5504.6,kW,,11400,21536064.8,1486242,0,1705715.58,3453346.02,28192768.4,INR,BILL-002001-202306,PAID
ACC-MUM-002001,MTR-7781002,Refinery Complex Main,Mahul Road,Mumbai,Maharashtra,MSEDCL,Industrial EHV,EHV-1,110kV,EHV,8000,27-Jul-23,30-Aug-23,35,05-Sep-23,25-Sep-23,29103385,32717159,ACT,3613774,kWh,1693281,1313184,607309,5793.1,kVA,,13300,19915197,1824826.5,0,988660.14,3261003.52,26002987.16,INR,BILL-002001-202307,PAID
ACC-MUM-002001,MTR-7781002,Refinery Complex Main,Mahul Road,Mumbai,Maharashtra,MSEDCL,Industrial EHV,EHV-1,110kV,EHV,8000,31-08-2023,02-10-2023,33,14-10-2023,03-11-2023,32717159,36419313,ACT,3702.154,MWh,1350405,1360668,991081,7450.1,kVA,0.867,12540,19841196.6,2212679.7,654759.49,1110646200,3308081.44,1136675457,INR,BILL-002001-202308,PAID
ACC-MUM-002001,MTR-7781002,Refinery Complex Main,Mahul Road,Mumbai,Maharashtra,MSEDCL,Industrial EHV,EHV-1,110kV,EHV,8000,03-10-2023,04-11-2023,33,11-11-2023,29-Nov-23,36419313,39553189,ACT,3133.876,MWh,1211446,869017,1053413,5975.1,kVA,0.874,12540,17315429.3,1774604.7,450201.16,940162800,2863505.1,962579080.3,INR,BILL-002001-202310,PAID
ACC-MUM-002001,MTR-7781002,Refinery Complex Main,Mahul Road,Mumbai,Maharashtra,MSEDCL,Industrial EHV,EHV-1,110kV,EHV,8000,05-11-2023,08-12-2023,34,19-12-2023,14-01-2024,39553189,43124639,ACT,3571450,kWh,1392924,971069,1207457,7089.8,kVA,0.865,12920,19779320.1,2169478.8,692276.2,1454741.92,3292319.84,27401056.86,INR,BILL-002001-202311,PAID
ACC-MUM-002001,MTR-7781002,Refinery Complex Main,Mahul Road,Mumbai,Maharashtra,MSEDCL,Industrial EHV,EHV-1,110kV,EHV,8000,09-12-2023,12-01-2024,35,24-01-2024,18-02-2024,43124639,45635778,ACT,2511139,kWh,1013466,670371,827302,7095.2,kVA,0.932,13300,13973446.5,2234988,0,1091433.25,2431265.17,19744432.92,INR,BILL-002001-202312,PAID
ACC-MUM-002001,MTR-7781002,Refinery Complex Main,Mahul Road,Mumbai,Maharashtra,MSEDCL,Industrial EHV,EHV-1,110kV,EHV,8000,19-01-2024,16-02-2024,29,23-02-2024,14-Mar-24,45635778,47761882,ACT,2126.104,MWh,996916,572541,556647,7676,kVA,,11020,12017832.5,2003436,0,637831200,2103190.27,653966678.8,INR,BILL-002001-202401,PAID
ACC-MUM-002001,MTR-7781002,Refinery Complex Main,Mahul Road,Mumbai,Maharashtra,MSEDCL,Industrial EHV,EHV-1,110kV,EHV,8000,17-Feb-24,17-03-2024,30,26-03-2024,23-04-2024,47761882,50454296,EST,2692414,kWh,945819,900618,727305,6717.3,kVA,0.939,11400,13871426.4,1813671,0,640851.14,2352764.61,18690113.15,INR,BILL-002001-202402,PAID
ACC-MUM-002001,MTR-7781002,Refinery Complex Main,Mahul Road,Mumbai,Maharashtra,MSEDCL,Industrial EHV,EHV-1,110kV,EHV,8000,18-03-2024,17-04-2024,31,22-04-2024,14-05-2024,50335624,52960570,ACT,2624.946,MWh,922888,665058,1037000,5115.3,kVA,0.903,11780,14469164.6,1427168.7,0,787483800,2384449.99,805776363.3,INR,BILL-002001-202403,PAID
ACC-MUM-002001,MTR-7781002,Refinery Complex Main,Mahul Road,Mumbai,Maharashtra,MSEDCL,Industrial EHV,EHV-1,110kV,EHV,8000,18-04-2024,19-05-2024,32,31-05-2024,24-06-2024,52960570,57398092,ACT,4437522,kWh,1848941,1474289,1114292,6851.1,kVA,,12160,24339702.7,1973116.8,0,1044152.47,3946922.92,31316054.89,INR,BILL-002001-202404,PAID
ACC-MUM-002001,MTR-7781002,Refinery Complex Main,Mahul Road,Mumbai,Maharashtra,MSEDCL,Industrial EHV,EHV-1,110kV,EHV,8000,20-05-2024,18-06-2024,30,26-06-2024,11-07-2024,57398092,61619261,EST,4221169,kWh,1899181,1013729,974853,7758.6,kVA,0.919,11400,22132180.1,2094822,0,780780.97,3634050.31,28653233.38,INR,BILL-002001-202405,PAID
ACC-MUM-002001,MTR-7781002,Refinery Complex Main,Mahul Road,Mumbai,Maharashtra,MSEDCL,Industrial EHV,EHV-1,110kV,EHV,8000,19-06-2024,21-07-2024,33,27-07-2024,23-08-2024,61285855,65654053,ACT,4368198,kWh,2141711,1585573,640914,7410.7,kVA,0.919,12540,24208305.1,2200977.9,0,710237.28,3961392.45,31093452.73,INR,BILL-002001-202406,PAID
ACC-MUM-002001,MTR-7781002,Refinery Complex Main,Mahul Road,Mumbai,Maharashtra,MSEDCL,Industrial EHV,EHV-1,110kV,EHV,8000,22-07-2024,20-08-2024,30,25-08-2024,22-09-2024,65654053,68581821,ACT,2927768,kWh,1344732,859928,723108,6316,kVA,0.936,11400,16402680,1705320,0,1054480.77,2716200,21890080.77,INR,BILL-002001-202407,PAID
ACC-MUM-002001,MTR-7781002,Refinery Complex Main,Mahul Road,Mumbai,Maharashtra,MSEDCL,Industrial EHV,EHV-1,110kV,EHV,8000,21-08-2024,20-Sep-24,31,26-09-2024,22-10-2024,68581821,72198286,EST,3616.465,MWh,1842515,1315879,370591,7289.5,kVA,0.953,11780,19662221.5,2033770.5,0,1084939500,3254398.8,1109901671,INR,BILL-002001-202408,PAID
ACC-MUM-002001,MTR-7781002,Refinery Complex Main,Mahul Road,Mumbai,Maharashtra,MSEDCL,Industrial EHV,EHV-1,110kV,EHV,8000,21-09-2024,21-10-2024,31,01-11-2024,19-11-2024,72110806,75123699,ACT,3012.893,MWh,1254860,854224,903809,4945.4,kW,0.91,11780,16745090.2,1379766.6,0,903867900,2718728.52,924723265.3,INR,BILL-002001-202409,PAID
ACC-MUM-002001,MTR-7781002,Refinery Complex Main,Mahul Road,Mumbai,Maharashtra,MSEDCL,Industrial EHV,EHV-1,110kV,EHV,8000,22-10-2024,18-11-2024,28,24-11-2024,11-12-2024,75123699,77927328,EST,2803.629,MWh,1509883,995833,457471,7791,kVA,0.93,10640,16621296.5,1963332,0,841088700,2787694.27,862471662.8,INR,BILL-002001-202410,PAID
ACC-MUM-002001,MTR-7781002,Refinery Complex Main,Mahul Road,Mumbai,Maharashtra,MSEDCL,Industrial EHV,EHV-1,110kV,EHV,8000,19-11-2024,23-12-2024,35,04-01-2025,01-02-2025,78086886,81201371,ACT,3114485,kWh,1594861,1166135,353489,7570.7,kVA,,13300,17301821.9,2384770.5,0,1174463.68,2952988.86,23827344.94,INR,BILL-002001-202411,PAID
ACC-MUM-002001,MTR-7781002,Refinery Complex Main,Mahul Road,Mumbai,Maharashtra,MSEDCL,Industrial EHV,EHV-1,110kV,EHV,8000,24-12-2024,21-01-2025,29,30-Jan-25,26-02-2025,81201371,83605574,ACT,2404203,kWh,926429,732026,745748,7442.3,kVA,,11020,13181657.8,1942440.3,0,845740.3,2268614.72,18249473.12,INR,BILL-002001-202412,PAID
ACC-MUM-002001,MTR-7781002,Refinery Complex Main,Mahul Road,Mumbai,Maharashtra,MSEDCL,Industrial EHV,EHV-1,110kV,EHV,8000,21-01-2025,19-02-2025,30,28-02-2025,29-03-2025,83605574,86196949,ACT,2591375,kWh,1206095,1018905,366375,4998.8,kVA,,11400,14153600.5,1349676,0,733339.75,2325491.48,18573507.73,INR,BILL-002001-202501,PAID
ACC-MUM-002001,MTR-7781002,Refinery Complex Main,Mahul Road,Mumbai,Maharashtra,MSEDCL,Industrial EHV,EHV-1,110kV,EHV,8000,20-02-2025,23-03-2025,32,30-03-2025,15-04-2025,86196949,89006263,ACT,2809314,kWh,1131467,988189,689658,7368.2,kVA,0.948,12160,15272065.9,2122041.6,0,1163846.29,2609116.12,21179229.91,INR,BILL-002001-202502,DISPUTED
ACC-MUM-002001,MTR-7781002,Refinery Complex Main,Mahul Road,Mumbai,Maharashtra,MSEDCL,Industrial EHV,EHV-1,110kV,EHV,8000,24-03-2025,26-04-2025,34,08-May-25,29-05-2025,89006263,91881352,ACT,2875089,kWh,1482988,1045949,346152,5483.6,kVA,,12920,16032740.3,1677981.6,0,895439.64,2656608.29,21275689.83,INR,BILL-002001-202503,PAID
ACC-MUM-002001,MTR-7781002,Refinery Complex Main,Mahul Road,Mumbai,Maharashtra,MSEDCL,Industrial EHV,EHV-1,110kV,EHV,8000,27-04-2025,25-05-2025,29,01-06-2025,28-06-2025,91881352,95604233,ACT,3722881,kWh,1968995,1449313,304573,6432,kVA,,11020,20686180.9,1678752,0,1674905.58,3354739.93,27405598.41,INR,BILL-002001-202504,PAID
ACC-MUM-002001,MTR-7781002,Refinery Complex Main,Mahul Road,Mumbai,Maharashtra,MSEDCL,Industrial EHV,EHV-1,110kV,EHV,8000,26-May-25,27-06-2025,33,12-07-2025,10-08-2025,95604233,99648285,ACT,4044.052,MWh,1995000,1586213,462839,7119.5,kVA,,12540,22251561.3,2114491.5,0,1213215600,3654907.92,1241249101,INR,BILL-002001-202505,UNPAID
ACC-MUM-002001,MTR-7781002,Refinery Complex Main,Mahul Road,Mumbai,Maharashtra,MSEDCL,Industrial EHV,EHV-1,110kV,EHV,8000,28-Jun-25,26-07-2025,29,31-Jul-25,15-Aug-25,99648285,103688558,ACT,4040273,kWh,1998735,1014662,1026876,7185.5,kVA,,11020,23093710.2,1875415.5,0,983765.47,3745368.85,29709280.02,INR,BILL-002001-202506,PAID
ACC-MUM-002001,MTR-7781002,Refinery Complex Main,Mahul Road,Mumbai,Maharashtra,MSEDCL,Industrial EHV,EHV-1,110kV,EHV,8000,27-07-2025,23-08-2025,28,03-09-2025,27-09-2025,103688558,106913905,ACT,3225347,kWh,1281912,844949,1098486,7545.1,kVA,,10640,17944127.1,1901365.2,0,1110024.22,2976823.85,23942980.37,INR,BILL-002001-202507,UNPAID
ACC-MUM-002001,MTR-7781002,Refinery Complex Main,Mahul Road,Mumbai,Maharashtra,MSEDCL,Industrial EHV,EHV-1,110kV,EHV,8000,24-Aug-25,26-09-2025,34,03-10-2025,02-11-2025,106913905,110929341,ACT,4015436,kWh,2045717,1578421,391298,6879.3,kVA,0.891,12920,22179726.7,2105065.8,199617.54,1554187.83,3642718.88,29694236.75,INR,BILL-002001-202508,DISPUTED
ACC-MUM-002001,MTR-7781002,Refinery Complex Main,Mahul Road,Mumbai,Maharashtra,MSEDCL,Industrial EHV,EHV-1,110kV,EHV,8000,27-09-2025,25-10-2025,29,30-10-2025,15-11-2025,110929341,113750521,ACT,2821180,kWh,1266774,1005248,549158,6884.1,kVA,0.855,11020,15499983.6,1796750.1,697499.26,616095.86,2594510.05,21215858.87,INR,BILL-002001-202509,UNPAID
ACC-MUM-002001,MTR-7781002,Refinery Complex Main,Mahul Road,Mumbai,Maharashtra,MSEDCL,Industrial EHV,EHV-1,110kV,EHV,8000,26-10-2025,28-11-2025,34,09-Dec-25,02-01-2026,113750521,117082456,ACT,3331935,kWh,1372381,956595,1002959,7236,kVA,0.891,12920,18478889.9,2214216,166310.01,898579.58,3103965.88,24874881.37,INR,BILL-002001-202510,DISPUTED
ACC-MUM-002001,MTR-7781002,Refinery Complex Main,Mahul Road,Mumbai,Maharashtra,MSEDCL,Industrial EHV,EHV-1,110kV,EHV,8000,29-Nov-25,30-12-2025,32,13-01-2026,08-02-2026,117082456,119642207,EST,2559751,kWh,1157391,844119,704455,5769.5,kVA,0.946,12160,14966379.9,1661616,0,398471.03,2494199.38,19532826.31,INR,BILL-002001-202511,DISPUTED
ACC-MUM-002001,MTR-7781002,Refinery Complex Main,Mahul Road,Mumbai,Maharashtra,MSEDCL,Industrial EHV,EHV-1,110kV,EHV,8000,31-12-2025,02-02-2026,34,13-02-2026,14-Mar-26,119788421,122642077,EST,2853656,kWh,975681,1002800,620978,6252.2,kVA,0.976,12920,13898832,1913173.2,0,1260299.57,2371800.78,19457025.55,INR,BILL-002001-202512,PAID
ACC-MUM-002002,MTR-7781003,Refinery Utility Block,Mahul Road,Mumbai,Maharashtra,MSEDCL,Industrial HT,HT-IND-1,11kV,HT,1500,22-01-2023,22-Feb-23,32,05-03-2023,21-03-2023,5144992,5500162,ACT,355170,kWh,,,,1417.6,kVA,0.924,3520,2770326,468753.07,0,142062.26,485861.86,3870523.19,INR,BILL-002002-202301,PAID
ACC-MUM-002002,MTR-7781003,Refinery Utility Block,Mahul Road,Mumbai,Maharashtra,MSEDCL,Industrial HT,HT-IND-1,11kV,HT,1500,23-02-2023,27-03-2023,33,07-04-2023,02-05-2023,5500162,5803777,ACT,303615,kWh,,,,1344.5,kW,0.932,3630,2368197,458474.5,0,100071.59,424000.72,3354373.81,INR,BILL-002002-202302,PAID
ACC-MUM-002002,MTR-7781003,Refinery Utility Block,Mahul Road,Mumbai,Maharashtra,MSEDCL,Industrial HT,HT-IND-1,11kV,HT,1500,28-Mar-23,25-04-2023,29,01-05-2023,26-05-2023,5803777,6175119,ACT,371342,kWh,,,,1254,kW,0.871,3190,2896467.6,375782,83997.56,124512.66,490837.44,3974787.26,INR,BILL-002002-202303,PAID
ACC-MUM-002002,MTR-7781003,Refinery Utility Block,Mahul Road,Mumbai,Maharashtra,MSEDCL,Industrial HT,HT-IND-1,11kV,HT,1500,26-04-2023,24-05-2023,29,01-06-2023,01-07-2023,6175119,6615268,ACT,440149,kWh,,,,1064.8,kVA,0.852,3190,3433162.2,319085.07,164791.79,72773.92,562837.09,4555840.07,INR,BILL-002002-202304,PAID
ACC-MUM-002002,MTR-7781003,Refinery Utility Block,Mahul Road,Mumbai,Maharashtra,MSEDCL,Industrial HT,HT-IND-1,11kV,HT,1500,25-05-2023,28-06-2023,35,12-Jul-23,03-08-2023,6615268,7189470,ACT,574202,kWh,,,,1344.4,kVA,0.967,3850,4478775.6,486224.67,0,115738.16,744750.04,5829338.47,INR,BILL-002002-202305,PAID
ACC-MUM-002002,MTR-7781003,Refinery Utility Block,Mahul Road,Mumbai,Maharashtra,MSEDCL,Industrial HT,HT-IND-1,11kV,HT,1500,29-06-2023,01-Aug-23,34,15-08-2023,03-09-2023,7189470,7729956,EST,540486,kWh,,,,1207.5,kW,0.92,3740,4215790.8,424235,0,103102.4,696003.87,5442872.07,INR,BILL-002002-202306,PAID
ACC-MUM-002002,MTR-7781003,Refinery Utility Block,Mahul Road,Mumbai,Maharashtra,MSEDCL,Industrial HT,HT-IND-1,11kV,HT,1500,02-Aug-23,02-09-2023,32,07-09-2023,27-09-2023,7715692,8151765,ACT,436073,kWh,,,,1446.6,kVA,0.887,3520,3401369.4,478342.4,44217.8,102121.36,581956.77,4611527.73,INR,BILL-002002-202308,PAID
ACC-MUM-002002,MTR-7781003,Refinery Utility Block,Mahul Road,Mumbai,Maharashtra,MSEDCL,Industrial HT,HT-IND-1,11kV,HT,1500,03-09-2023,30-09-2023,28,11-10-2023,31-Oct-23,8151765,8563439,ACT,411674,kWh,,,,1340.4,kVA,0.953,3080,3211057.2,387822.4,0,164134.86,539831.94,4305926.4,INR,BILL-002002-202309,PAID
ACC-MUM-002002,MTR-7781003,Refinery Utility Block,Mahul Road,Mumbai,Maharashtra,MSEDCL,Industrial HT,HT-IND-1,11kV,HT,1500,01-Oct-23,29-10-2023,29,07-11-2023,26-11-2023,8563439,8875873,ACT,312434,kWh,,,,1307.9,kVA,0.915,3190,2436985.2,391934.03,0,111315.8,424337.88,3367762.91,INR,BILL-002002-202310,PAID
ACC-MUM-002002,MTR-7781003,Refinery Utility Block,Mahul Road,Mumbai,Maharashtra,MSEDCL,Industrial HT,HT-IND-1,11kV,HT,1500,30-10-2023,29-11-2023,31,13-12-2023,08-01-2024,8875873,9247434,EST,371561,kWh,,,,1405.7,kVA,0.899,3410,2898175.8,450292.57,2898.18,147972.84,502270.26,4005019.65,INR,BILL-002002-202310,PAID
ACC-MUM-002002,MTR-7781003,Refinery Utility Block,Mahul Road,Mumbai,Maharashtra,MSEDCL,Industrial HT,HT-IND-1,11kV,HT,1500,30-11-2023,01-01-2024,33,11-01-2024,28-01-2024,9255704,9608494,ACT,352790,kWh,,,,1138.4,kVA,0.927,3630,2751762,388194.4,0,81942.32,470993.46,3696522.18,INR,BILL-002002-202311,PAID
ACC-MUM-002002,MTR-7781003,Refinery Utility Block,Mahul Road,Mumbai,Maharashtra,MSEDCL,Industrial HT,HT-IND-1,11kV,HT,1500,18-Jan-24,21-02-2024,35,05-03-2024,31-03-2024,9608494,9949662,ACT,341168,kWh,,,,1405.1,kVA,,3850,2661110.4,508177.83,0,54653.31,475393.23,3703184.77,INR,BILL-002002-202401,PAID
ACC-MUM-002002,MTR-7781003,Refinery Utility Block,Mahul Road,Mumbai,Maharashtra,MSEDCL,Industrial HT,HT-IND-1,11kV,HT,1500,22-02-2024,25-03-2024,33,09-04-2024,25-04-2024,9949662,10247932,EST,298270,kWh,,,,1301.4,kVA,0.924,3630,2326506,443777.4,0,84288.45,415542.51,3273744.36,INR,BILL-002002-202402,PAID
ACC-MUM-002002,MTR-7781003,Refinery Utility Block,Mahul Road,Mumbai,Maharashtra,MSEDCL,Industrial HT,HT-IND-1,11kV,HT,1500,26-03-2024,29-04-2024,35,07-05-2024,03-06-2024,10251565,10608980,EST,357415,kWh,,,,1182.3,kVA,0.871,3850,2787837,427598.5,80847.27,147363.74,482315.32,3929811.83,INR,BILL-002002-202403,PAID
ACC-MUM-002002,MTR-7781003,Refinery Utility Block,Mahul Road,Mumbai,Maharashtra,MSEDCL,Industrial HT,HT-IND-1,11kV,HT,1500,30-04-2024,02-06-2024,34,07-06-2024,28-06-2024,10644061,11183002,ACT,538941,kWh,,,,921.4,kVA,0.879,3740,4203739.8,323718.53,88278.54,154450.96,679118.75,5453046.58,INR,BILL-002002-202404,PAID
ACC-MUM-002002,MTR-7781003,Refinery Utility Block,Mahul Road,Mumbai,Maharashtra,MSEDCL,Industrial HT,HT-IND-1,11kV,HT,1500,03-06-2024,30-Jun-24,28,11-07-2024,27-07-2024,11183002,11637095,EST,454093,kWh,,,,1400.5,kVA,0.94,3080,3541925.4,405211.33,0,174832.69,592070.51,4717119.93,INR,BILL-002002-202406,PAID
ACC-MUM-002002,MTR-7781003,Refinery Utility Block,Mahul Road,Mumbai,Maharashtra,MSEDCL,Industrial HT,HT-IND-1,11kV,HT,1500,01-07-2024,31-07-2024,31,08-08-2024,31-08-2024,11630783,12093877,ACT,463094,kWh,,,,933.5,kVA,,3410,3612133.2,299031.17,0,132582.74,586674.66,4633831.77,INR,BILL-002002-202407,PAID
ACC-MUM-002002,MTR-7781003,Refinery Utility Block,Mahul Road,Mumbai,Maharashtra,MSEDCL,Industrial HT,HT-IND-1,11kV,HT,1500,01-08-2024,03-09-2024,34,18-09-2024,06-10-2024,12093877,12519791,ACT,425914,kWh,,,,1233.2,kW,,3740,3322129.2,433264.27,0,103114.7,563309.02,4425557.19,INR,BILL-002002-202408,PAID
ACC-MUM-002002,MTR-7781003,Refinery Utility Block,Mahul Road,Mumbai,Maharashtra,MSEDCL,Industrial HT,HT-IND-1,11kV,HT,1500,04-09-2024,01-10-2024,28,10-10-2024,31-10-2024,12519791,12884088,ACT,364297,kWh,,,,1234.8,kVA,0.925,3080,2841516.6,357268.8,0,90451.79,479817.81,3772135,INR,BILL-002002-202409,PAID
ACC-MUM-002002,MTR-7781003,Refinery Utility Block,Mahul Road,Mumbai,Maharashtra,MSEDCL,Industrial HT,HT-IND-1,11kV,HT,1500,02-10-2024,04-11-2024,34,14-Nov-24,08-12-2024,12884088,13306150,EST,422062,kWh,,,,1244.5,kW,0.924,3740,3292083.6,437234.33,0,162172.29,559397.69,4454627.91,INR,BILL-002002-202410,PAID
ACC-MUM-002002,MTR-7781003,Refinery Utility Block,Mahul Road,Mumbai,Maharashtra,MSEDCL,Industrial HT,HT-IND-1,11kV,HT,1500,05-11-2024,09-12-2024,35,24-12-2024,13-01-2025,13319237,13757828,ACT,438591,kWh,,,,1210.6,kVA,,3850,3421009.8,437833.67,0,153986.14,578826.52,4595506.13,INR,BILL-002002-202411,PAID
ACC-MUM-002002,MTR-7781003,Refinery Utility Block,Mahul Road,Mumbai,Maharashtra,MSEDCL,Industrial HT,HT-IND-1,11kV,HT,1500,10-Dec-24,13-01-2025,35,23-01-2025,08-02-2025,13757828,14116022,ACT,358194,kWh,,,,1179.7,kVA,0.945,3850,2793913.2,426658.17,0,106671.42,483085.71,3814178.5,INR,BILL-002002-202412,PAID
ACC-MUM-002002,MTR-7781003,Refinery Utility Block,Mahul Road,Mumbai,Maharashtra,MSEDCL,Industrial HT,HT-IND-1,11kV,HT,1500,16-01-2025,13-02-2025,29,21-02-2025,20-Mar-25,14116022,14441805,ACT,325783,kWh,,,,1359.7,kVA,0.957,3190,2541107.4,407456.77,0,82505.8,442284.63,3476544.6,INR,BILL-002002-202501,UNPAID
ACC-MUM-002002,MTR-7781003,Refinery Utility Block,Mahul Road,Mumbai,Maharashtra,MSEDCL,Industrial HT,HT-IND-1,11kV,HT,1500,14-02-2025,15-03-2025,30,25-03-2025,17-04-2025,14441805,14744869,EST,303064,kWh,,,,1000.5,kVA,0.918,3300,2363899.2,310155,0,64729.83,401108.13,3143192.16,INR,BILL-002002-202502,PAID
ACC-MUM-002002,MTR-7781003,Refinery Utility Block,Mahul Road,Mumbai,Maharashtra,MSEDCL,Industrial HT,HT-IND-1,11kV,HT,1500,16-03-2025,18-04-2025,34,23-04-2025,18-05-2025,14732014,15144664,ACT,412650,kWh,,,,1195.4,kVA,0.966,3740,3218670,419983.87,0,105413.68,545798.08,4293605.63,INR,BILL-002002-202503,UNPAID
ACC-MUM-002002,MTR-7781003,Refinery Utility Block,Mahul Road,Mumbai,Maharashtra,MSEDCL,Industrial HT,HT-IND-1,11kV,HT,1500,19-04-2025,23-05-2025,35,31-05-2025,23-06-2025,15144664,15747359,EST,602695,kWh,,,,1196.1,kVA,0.891,3850,4701021,432589.5,42309.19,130663.7,770041.57,6080474.96,INR,BILL-002002-202504,PAID
ACC-MUM-002002,MTR-7781003,Refinery Utility Block,Mahul Road,Mumbai,Maharashtra,MSEDCL,Industrial HT,HT-IND-1,11kV,HT,1500,24-05-2025,24-Jun-25,32,06-Jul-25,28-07-2025,15748798,16225673,EST,476875,kWh,,,,1170.6,kVA,0.908,3520,3719625,387078.4,0,76437.91,616005.51,4802666.82,INR,BILL-002002-202505,DISPUTED
ACC-MUM-002002,MTR-7781003,Refinery Utility Block,Mahul Road,Mumbai,Maharashtra,MSEDCL,Industrial HT,HT-IND-1,11kV,HT,1500,25-06-2025,27-Jul-25,33,01-08-2025,28-08-2025,16258258,16849952,ACT,591694,kWh,,,,879.3,kW,,3630,4615213.2,299841.3,0,118553.86,737258.17,5774496.53,INR,BILL-002002-202506,PAID
ACC-MUM-002002,MTR-7781003,Refinery Utility Block,Mahul Road,Mumbai,Maharashtra,MSEDCL,Industrial HT,HT-IND-1,11kV,HT,1500,28-Jul-25,24-08-2025,28,03-09-2025,02-10-2025,16849952,17238284,ACT,388332,kWh,,,,1458.5,kVA,0.903,3080,3028989.6,421992.67,0,132028.09,517647.34,4103737.7,INR,BILL-002002-202507,PAID
ACC-MUM-002002,MTR-7781003,Refinery Utility Block,Mahul Road,Mumbai,Maharashtra,MSEDCL,Industrial HT,HT-IND-1,11kV,HT,1500,25-08-2025,27-09-2025,34,12-10-2025,04-11-2025,17238284,17734929,ACT,496645,kWh,,,,1236.8,kVA,,3740,3873831,434529.07,0,113519.8,646254.01,5071873.88,INR,BILL-002002-202508,DISPUTED
ACC-MUM-002002,MTR-7781003,Refinery Utility Block,Mahul Road,Mumbai,Maharashtra,MSEDCL,Industrial HT,HT-IND-1,11kV,HT,1500,28-09-2025,28-10-2025,31,10-Nov-25,25-11-2025,17734929,18160595,ACT,425666,kWh,,,,1391.9,kVA,0.866,3410,3320194.8,445871.97,112886.62,91830.6,564910.02,4539104.01,INR,BILL-002002-202509,UNPAID
ACC-MUM-002002,MTR-7781003,Refinery Utility Block,Mahul Road,Mumbai,Maharashtra,MSEDCL,Industrial HT,HT-IND-1,11kV,HT,1500,29-10-2025,27-11-2025,30,06-12-2025,26-12-2025,18160595,18507058,ACT,346463,kWh,,,,1390.9,kVA,,3300,2702411.4,431179,0,108653.15,470038.56,3715582.11,INR,BILL-002002-202510,UNPAID
ACC-MUM-002002,MTR-7781003,Refinery Utility Block,Mahul Road,Mumbai,Maharashtra,MSEDCL,Industrial HT,HT-IND-1,11kV,HT,1500,28-11-2025,25-12-2025,28,07-Jan-26,24-Jan-26,18507058,18849919,ACT,342861,kWh,,,,1122.7,kVA,,3080,2674315.8,324834.53,0,126745.61,449872.55,3578848.49,INR,BILL-002002-202511,PAID
ACC-MUM-002002,MTR-7781003,Refinery Utility Block,Mahul Road,Mumbai,Maharashtra,MSEDCL,Industrial HT,HT-IND-1,11kV,HT,1500,26-12-2025,25-01-2026,31,06-02-2026,01-03-2026,18849919,19196839,ACT,346920,kWh,,,,900.6,kVA,,3410,2705976,288492.2,0,125724.07,449170.23,3572772.5,INR,BILL-002002-202512,PAID
ACC-DEL-003001,MTR-2291001,Delhi Office Block,Connaught Place,Delhi,Delhi,BSES Rajdhani,Commercial LT,LT-COM-2,415V,LT,300,17-01-2023,13-02-2023,28,26-02-2023,23-03-2023,4830151,4841664,ACT,11513,kWh,,,,,,,840,94406.6,0,0,4860.65,14160.99,114268.24,INR,BILL-003001-202301,PAID
ACC-DEL-003001,MTR-2291001,Delhi Office Block,Connaught Place,Delhi,Delhi,BSES Rajdhani,Commercial LT,LT-COM-2,415V,LT,300,14-02-2023,18-Mar-23,33,24-03-2023,13-04-2023,4841664,4855064,ACT,13400,kWh,,,,,,,990,109880,0,0,4001.81,16482,131353.81,INR,BILL-003001-202302,PAID
ACC-DEL-003001,MTR-2291001,Delhi Office Block,Connaught Place,Delhi,Delhi,BSES Rajdhani,Commercial LT,LT-COM-2,415V,LT,300,19-03-2023,17-04-2023,30,30-04-2023,25-05-2023,4855064,4867867,EST,12803,kWh,,,,,,,900,104984.6,0,0,2767.73,15747.69,124400.02,INR,BILL-003001-202303,PAID
ACC-DEL-003001,MTR-2291001,Delhi Office Block,Connaught Place,Delhi,Delhi,BSES Rajdhani,Commercial LT,LT-COM-2,415V,LT,300,18-04-2023,22-05-2023,35,05-06-2023,05-07-2023,4869219,4891048,ACT,21829,kWh,,,,,,,1050,178997.8,0,0,9613.4,26849.67,216510.87,INR,BILL-003001-202304,PAID
ACC-DEL-003001,MTR-2291001,Delhi Office Block,Connaught Place,Delhi,Delhi,BSES Rajdhani,Commercial LT,LT-COM-2,415V,LT,300,23-05-2023,21-06-2023,30,06-07-2023,26-07-2023,4891048,4908542,ACT,17494,kWh,,,,,,,900,143450.8,0,0,7230.67,21517.62,173099.09,INR,BILL-003001-202305,PAID
ACC-DEL-003001,MTR-2291001,Delhi Office Block,Connaught Place,Delhi,Delhi,BSES Rajdhani,Commercial LT,LT-COM-2,415V,LT,300,22-06-2023,24-Jul-23,33,02-Aug-23,21-08-2023,4908542,4930354,ACT,21812,kWh,,,,,,,990,178858.4,0,0,8924.78,26828.76,215601.94,INR,BILL-003001-202306,PAID
ACC-DEL-003001,MTR-2291001,Delhi Office Block,Connaught Place,Delhi,Delhi,BSES Rajdhani,Commercial LT,LT-COM-2,415V,LT,300,25-07-2023,26-08-2023,33,31-08-2023,25-09-2023,4930354,4946791,EST,16437,kWh,,,,,,,990,134783.4,0,0,5631.88,20217.51,161622.79,INR,BILL-003001-202307,PAID
ACC-DEL-003001,MTR-2291001,Delhi Office Block,Connaught Place,Delhi,Delhi,BSES Rajdhani,Commercial LT,LT-COM-2,415V,LT,300,27-08-2023,29-09-2023,34,08-10-2023,03-11-2023,4947945,4965080,ACT,17135,kWh,,,,,,,1020,140507,0,0,2944.16,21076.05,165547.21,INR,BILL-003001-202308,PAID
ACC-DEL-003001,MTR-2291001,Delhi Office Block,Connaught Place,Delhi,Delhi,BSES Rajdhani,Commercial LT,LT-COM-2,415V,LT,300,30-09-2023,31-10-2023,32,11-11-2023,27-11-2023,4965080,4980622,ACT,15542,kWh,,,,,,,960,127444.4,0,0,4539.99,19116.66,152061.05,INR,BILL-003001-202309,PAID
ACC-DEL-003001,MTR-2291001,Delhi Office Block,Connaught Place,Delhi,Delhi,BSES Rajdhani,Commercial LT,LT-COM-2,415V,LT,300,01-11-2023,04-Dec-23,34,14-12-2023,09-01-2024,4980622,4996692,EST,16070,kWh,,,,,,,1020,131774,0,0,6764.71,19766.1,159324.81,INR,BILL-003001-202311,PAID
ACC-DEL-003001,MTR-2291001,Delhi Office Block,Connaught Place,Delhi,Delhi,BSES Rajdhani,Commercial LT,LT-COM-2,415V,LT,300,05-12-2023,01-01-2024,28,09-01-2024,29-01-2024,4997318,5007119,EST,9801,kWh,,,,,,,840,80368.2,0,0,2647.49,12055.23,95910.92,INR,BILL-003001-202312,PAID
ACC-DEL-003001,MTR-2291001,Delhi Office Block,Connaught Place,Delhi,Delhi,BSES Rajdhani,Commercial LT,LT-COM-2,415V,LT,300,14-01-2024,10-02-2024,28,19-02-2024,20-03-2024,5007068,5018302,ACT,11234,kWh,,,,,,,840,92118.8,0,0,3814.34,13817.82,110590.96,INR,BILL-003001-202401,PAID
ACC-DEL-003001,MTR-2291001,Delhi Office Block,Connaught Place,Delhi,Delhi,BSES Rajdhani,Commercial LT,LT-COM-2,415V,LT,300,11-02-2024,10-03-2024,29,23-03-2024,07-Apr-24,5018302,5029710,EST,11408,kWh,,,,,,,870,93545.6,0,0,3384.81,14031.84,111832.25,INR,BILL-003001-202402,PAID
ACC-DEL-003001,MTR-2291001,Delhi Office Block,Connaught Place,Delhi,Delhi,BSES Rajdhani,Commercial LT,LT-COM-2,415V,LT,300,11-03-2024,14-04-2024,35,23-04-2024,23-05-2024,5030299,5047441,ACT,17142,kWh,,,,,,,1050,140564.4,0,0,6932.01,21084.66,169631.07,INR,BILL-003001-202403,PAID
ACC-DEL-003001,MTR-2291001,Delhi Office Block,Connaught Place,Delhi,Delhi,BSES Rajdhani,Commercial LT,LT-COM-2,415V,LT,300,15-04-2024,16-05-2024,32,22-05-2024,07-06-2024,5047441,5066045,EST,18604,kWh,,,,,,,960,152552.8,0,0,4165.06,22882.92,180560.78,INR,BILL-003001-202404,PAID
ACC-DEL-003001,MTR-2291001,Delhi Office Block,Connaught Place,Delhi,Delhi,BSES Rajdhani,Commercial LT,LT-COM-2,415V,LT,300,17-05-2024,14-06-2024,29,19-06-2024,15-Jul-24,5067502,5084123,ACT,16621,kWh,,,,,,,870,136292.2,0,0,3668.02,20443.83,161274.05,INR,BILL-003001-202405,PAID
ACC-DEL-003001,MTR-2291001,Delhi Office Block,Connaught Place,Delhi,Delhi,BSES Rajdhani,Commercial LT,LT-COM-2,415V,LT,300,15-06-2024,17-07-2024,33,31-Jul-24,24-08-2024,5084123,5103975,ACT,19852,kWh,,,,,,,990,162786.4,0,0,5336.41,24417.96,193530.77,INR,BILL-003001-202406,PAID
ACC-DEL-003001,MTR-2291001,Delhi Office Block,Connaught Place,Delhi,Delhi,BSES Rajdhani,Commercial LT,LT-COM-2,415V,LT,300,18-07-2024,20-08-2024,34,02-Sep-24,28-09-2024,5103975,5122964,EST,18989,kWh,,,,,,,1020,155709.8,0,0,3887.29,23356.47,183973.56,INR,BILL-003001-202407,PAID
ACC-DEL-003001,MTR-2291001,Delhi Office Block,Connaught Place,Delhi,Delhi,BSES Rajdhani,Commercial LT,LT-COM-2,415V,LT,300,21-08-2024,23-09-2024,34,29-Sep-24,19-10-2024,5123202,5139587,ACT,16385,kWh,,,,,,,1020,134357,0,0,6581.31,20153.55,162111.86,INR,BILL-003001-202408,PAID
ACC-DEL-003001,MTR-2291001,Delhi Office Block,Connaught Place,Delhi,Delhi,BSES Rajdhani,Commercial LT,LT-COM-2,415V,LT,300,24-09-2024,23-10-2024,30,02-Nov-24,24-Nov-24,5139587,5156453,ACT,16866,kWh,,,,,,,900,138301.2,0,0,5521.54,20745.18,165467.92,INR,BILL-003001-202409,PAID
ACC-DEL-003001,MTR-2291001,Delhi Office Block,Connaught Place,Delhi,Delhi,BSES Rajdhani,Commercial LT,LT-COM-2,415V,LT,300,24-10-2024,23-11-2024,31,01-12-2024,25-12-2024,5156453,5169887,ACT,13434,kWh,,,,,,,930,110158.8,0,0,4235.37,16523.82,131847.99,INR,BILL-003001-202410,PAID
ACC-DEL-003001,MTR-2291001,Delhi Office Block,Connaught Place,Delhi,Delhi,BSES Rajdhani,Commercial LT,LT-COM-2,415V,LT,300,24-11-2024,27-12-2024,34,06-01-2025,02-02-2025,5169887,5185712,ACT,15825,kWh,,,,,,,1020,129765,0,0,5311.55,19464.75,155561.3,INR,BILL-003001-202411,PAID
ACC-DEL-003001,MTR-2291001,Delhi Office Block,Connaught Place,Delhi,Delhi,BSES Rajdhani,Commercial LT,LT-COM-2,415V,LT,300,28-Dec-24,26-01-2025,30,03-02-2025,26-02-2025,5185712,5198202,ACT,12490,kWh,,,,,,,900,102418,0,0,4313.92,15362.7,122994.62,INR,BILL-003001-202412,PAID
ACC-DEL-003001,MTR-2291001,Delhi Office Block,Connaught Place,Delhi,Delhi,BSES Rajdhani,Commercial LT,LT-COM-2,415V,LT,300,22-01-2025,20-02-2025,30,04-Mar-25,03-04-2025,5198202,5209517,ACT,11315,kWh,,,,,,,900,92783,0,0,4479.59,13917.45,112080.04,INR,BILL-003001-202501,DISPUTED
ACC-DEL-003001,MTR-2291001,Delhi Office Block,Connaught Place,Delhi,Delhi,BSES Rajdhani,Commercial LT,LT-COM-2,415V,LT,300,21-Feb-25,27-03-2025,35,09-Apr-25,02-05-2025,5209517,5223080,EST,13563,kWh,,,,,,,1050,111216.6,0,0,2586.79,16682.49,131535.88,INR,BILL-003001-202502,UNPAID
ACC-DEL-003001,MTR-2291001,Delhi Office Block,Connaught Place,Delhi,Delhi,BSES Rajdhani,Commercial LT,LT-COM-2,415V,LT,300,28-03-2025,25-Apr-25,29,01-05-2025,25-05-2025,5223320,5237812,ACT,14492,kWh,,,,,,,870,118834.4,0,0,3956.93,17825.16,141486.49,INR,BILL-003001-202503,UNPAID
ACC-DEL-003001,MTR-2291001,Delhi Office Block,Connaught Place,Delhi,Delhi,BSES Rajdhani,Commercial LT,LT-COM-2,415V,LT,300,26-04-2025,29-05-2025,34,05-06-2025,26-06-2025,5237812,5259701,ACT,21889,kWh,,,,,,,1020,179489.8,0,0,7729.19,26923.47,215162.46,INR,BILL-003001-202504,PAID
ACC-DEL-003001,MTR-2291001,Delhi Office Block,Connaught Place,Delhi,Delhi,BSES Rajdhani,Commercial LT,LT-COM-2,415V,LT,300,30-05-2025,28-06-2025,30,07-07-2025,01-08-2025,5259701,5277216,ACT,17515,kWh,,,,,,,900,143623,0,0,7217.43,21543.45,173283.88,INR,BILL-003001-202505,UNPAID
ACC-DEL-003001,MTR-2291001,Delhi Office Block,Connaught Place,Delhi,Delhi,BSES Rajdhani,Commercial LT,LT-COM-2,415V,LT,300,29-06-2025,31-07-2025,33,11-08-2025,09-09-2025,5277216,5295572,ACT,18356,kWh,,,,,,,990,150519.2,0,0,7732.24,22577.88,181819.32,INR,BILL-003001-202506,UNPAID
ACC-DEL-003001,MTR-2291001,Delhi Office Block,Connaught Place,Delhi,Delhi,BSES Rajdhani,Commercial LT,LT-COM-2,415V,LT,300,01-Aug-25,04-09-2025,35,14-09-2025,09-10-2025,5295572,5314365,ACT,18793,kWh,,,,,,,1050,154102.6,0,0,4153.43,23115.39,182421.42,INR,BILL-003001-202508,UNPAID
ACC-DEL-003001,MTR-2291001,Delhi Office Block,Connaught Place,Delhi,Delhi,BSES Rajdhani,Commercial LT,LT-COM-2,415V,LT,300,05-09-2025,08-10-2025,34,17-10-2025,06-11-2025,5314365,5329873,ACT,15508,kWh,,,,,,,1020,127165.6,0,0,5474.61,19074.84,152735.05,INR,BILL-003001-202509,PAID
ACC-DEL-003001,MTR-2291001,Delhi Office Block,Connaught Place,Delhi,Delhi,BSES Rajdhani,Commercial LT,LT-COM-2,415V,LT,300,09-10-2025,07-Nov-25,30,15-11-2025,30-11-2025,5329873,5344187,ACT,14314,kWh,,,,,,,900,117374.8,0,0,3855.89,17606.22,139736.91,INR,BILL-003001-202510,DISPUTED
ACC-DEL-003001,MTR-2291001,Delhi Office Block,Connaught Place,Delhi,Delhi,BSES Rajdhani,Commercial LT,LT-COM-2,415V,LT,300,08-11-2025,10-12-2025,33,16-12-2025,06-Jan-26,5344187,5357958,ACT,13771,kWh,,,,,,,990,112922.2,0,0,2776.53,16938.33,133627.06,INR,BILL-003001-202511,PAID
ACC-DEL-003001,MTR-2291001,Delhi Office Block,Connaught Place,Delhi,Delhi,BSES Rajdhani,Commercial LT,LT-COM-2,415V,LT,300,11-12-2025,14-Jan-26,35,25-01-2026,14-02-2026,5357958,5371330,ACT,13372,kWh,,,,,,,1050,109650.4,0,0,5870.94,16447.56,133018.9,INR,BILL-003001-202512,UNPAID
ACC-DEL-003002,MTR-2291045,Delhi Warehouse,Okhla Phase II,Delhi,Delhi,BSES Yamuna,Industrial LT,LT-IND-1,415V,LT,500,21-01-2023,23-02-2023,34,06-03-2023,26-03-2023,8776726,8797565,ACT,20839,kWh,,,,,,,1530,156292.5,0,0,4891.79,23443.88,186158.17,INR,BILL-003002-202301,PAID
ACC-DEL-003002,MTR-2291045,Delhi Warehouse,Okhla Phase II,Delhi,Delhi,BSES Yamuna,Industrial LT,LT-IND-1,415V,LT,500,24-02-2023,26-03-2023,31,03-04-2023,28-04-2023,8797565,8820633,ACT,23068,kWh,,,,,,,1395,173010,0,0,6426.02,25951.5,206782.52,INR,BILL-003002-202302,PAID
ACC-DEL-003002,MTR-2291045,Delhi Warehouse,Okhla Phase II,Delhi,Delhi,BSES Yamuna,Industrial LT,LT-IND-1,415V,LT,500,27-03-2023,26-04-2023,31,04-05-2023,01-06-2023,8820633,8845409,EST,24776,kWh,,,,,,,1395,185820,0,0,4669.09,27873,219757.09,INR,BILL-003002-202303,PAID
ACC-DEL-003002,MTR-2291045,Delhi Warehouse,Okhla Phase II,Delhi,Delhi,BSES Yamuna,Industrial LT,LT-IND-1,415V,LT,500,27-04-2023,28-05-2023,32,12-06-2023,03-Jul-23,8846276,8879536,ACT,33260,kWh,,,,,,,1440,249450,0,0,9298.36,37417.5,297605.86,INR,BILL-003002-202304,PAID
ACC-DEL-003002,MTR-2291045,Delhi Warehouse,Okhla Phase II,Delhi,Delhi,BSES Yamuna,Industrial LT,LT-IND-1,415V,LT,500,29-05-2023,30-06-2023,33,15-07-2023,04-08-2023,8879536,8911810,ACT,32274,kWh,,,,,,,1485,242055,0,0,8128.7,36308.25,287976.95,INR,BILL-003002-202305,PAID
ACC-DEL-003002,MTR-2291045,Delhi Warehouse,Okhla Phase II,Delhi,Delhi,BSES Yamuna,Industrial LT,LT-IND-1,415V,LT,500,01-07-2023,30-07-2023,30,09-08-2023,06-09-2023,8911810,8942051,ACT,30241,kWh,,,,,,,1350,226807.5,0,0,13603.68,34021.12,275782.3,INR,BILL-003002-202307,PAID
ACC-DEL-003002,MTR-2291045,Delhi Warehouse,Okhla Phase II,Delhi,Delhi,BSES Yamuna,Industrial LT,LT-IND-1,415V,LT,500,31-07-2023,31-08-2023,32,14-09-2023,03-10-2023,8942051,8969386,ACT,27335,kWh,,,,,,,1440,205012.5,0,0,11269.98,30751.88,248474.36,INR,BILL-003002-202307,PAID
ACC-DEL-003002,MTR-2291045,Delhi Warehouse,Okhla Phase II,Delhi,Delhi,BSES Yamuna,Industrial LT,LT-IND-1,415V,LT,500,01-09-2023,04-10-2023,34,13-Oct-23,10-11-2023,8969386,9004240,ACT,34854,kWh,,,,,,,1530,261405,0,0,11894.08,39210.75,314039.83,INR,BILL-003002-202309,PAID
ACC-DEL-003002,MTR-2291045,Delhi Warehouse,Okhla Phase II,Delhi,Delhi,BSES Yamuna,Industrial LT,LT-IND-1,415V,LT,500,05-10-2023,08-11-2023,35,14-11-2023,07-Dec-23,9004240,9035307,ACT,31067,kWh,,,,,,,1575,233002.5,0,0,7759.09,34950.38,277286.97,INR,BILL-003002-202310,PAID
ACC-DEL-003002,MTR-2291045,Delhi Warehouse,Okhla Phase II,Delhi,Delhi,BSES Yamuna,Industrial LT,LT-IND-1,415V,LT,500,09-11-2023,10-12-2023,32,17-12-2023,05-01-2024,9035307,9058904,ACT,23597,kWh,,,,,,,1440,176977.5,0,0,9921.96,26546.62,214886.08,INR,BILL-003002-202311,PAID
ACC-DEL-003002,MTR-2291045,Delhi Warehouse,Okhla Phase II,Delhi,Delhi,BSES Yamuna,Industrial LT,LT-IND-1,415V,LT,500,11-12-2023,11-01-2024,32,20-01-2024,09-02-2024,9058904,9078149,ACT,19245,kWh,,,,,,,1440,144337.5,0,0,4047.49,21650.62,171475.61,INR,BILL-003002-202312,PAID
ACC-DEL-003002,MTR-2291045,Delhi Warehouse,Okhla Phase II,Delhi,Delhi,BSES Yamuna,Industrial LT,LT-IND-1,415V,LT,500,14-Jan-24,16-02-2024,34,25-02-2024,12-03-2024,9078149,9099112,EST,20963,kWh,,,,,,,1530,157222.5,0,0,4631.64,23583.38,186967.52,INR,BILL-003002-202401,PAID
ACC-DEL-003002,MTR-2291045,Delhi Warehouse,Okhla Phase II,Delhi,Delhi,BSES Yamuna,Industrial LT,LT-IND-1,415V,LT,500,17-Feb-24,18-03-2024,31,31-03-2024,25-04-2024,9099133,9118013,ACT,18880,kWh,,,,,,,1395,141600,0,0,7729.18,21240,171964.18,INR,BILL-003002-202402,PAID
ACC-DEL-003002,MTR-2291045,Delhi Warehouse,Okhla Phase II,Delhi,Delhi,BSES Yamuna,Industrial LT,LT-IND-1,415V,LT,500,19-03-2024,18-Apr-24,31,30-04-2024,20-05-2024,9118013,9141555,EST,23542,kWh,,,,,,,1395,176565,0,0,9197.74,26484.75,213642.49,INR,BILL-003002-202403,PAID
ACC-DEL-003002,MTR-2291045,Delhi Warehouse,Okhla Phase II,Delhi,Delhi,BSES Yamuna,Industrial LT,LT-IND-1,415V,LT,500,19-04-2024,23-May-24,35,05-06-2024,21-06-2024,9142019,9181599,ACT,39580,kWh,,,,,,,1575,296850,0,0,9369.62,44527.5,352322.12,INR,BILL-003002-202404,PAID
ACC-DEL-003002,MTR-2291045,Delhi Warehouse,Okhla Phase II,Delhi,Delhi,BSES Yamuna,Industrial LT,LT-IND-1,415V,LT,500,24-05-2024,25-06-2024,33,07-07-2024,29-07-2024,9181599,9217449,ACT,35850,kWh,,,,,,,1485,268875,0,0,7171.81,40331.25,317863.06,INR,BILL-003002-202405,PAID
ACC-DEL-003002,MTR-2291045,Delhi Warehouse,Okhla Phase II,Delhi,Delhi,BSES Yamuna,Industrial LT,LT-IND-1,415V,LT,500,26-06-2024,25-Jul-24,30,07-08-2024,03-09-2024,9217449,9249407,ACT,31958,kWh,,,,,,,1350,239685,0,0,11544.99,35952.75,288532.74,INR,BILL-003002-202406,PAID
ACC-DEL-003002,MTR-2291045,Delhi Warehouse,Okhla Phase II,Delhi,Delhi,BSES Yamuna,Industrial LT,LT-IND-1,415V,LT,500,26-07-2024,26-08-2024,32,04-09-2024,25-09-2024,9249407,9281127,ACT,31720,kWh,,,,,,,1440,237900,0,0,9781.64,35685,284806.64,INR,BILL-003002-202407,PAID
ACC-DEL-003002,MTR-2291045,Delhi Warehouse,Okhla Phase II,Delhi,Delhi,BSES Yamuna,Industrial LT,LT-IND-1,415V,LT,500,27-08-2024,27-09-2024,32,03-10-2024,01-11-2024,9281127,9311915,ACT,30788,kWh,,,,,,,1440,230910,0,0,10022.72,34636.5,277009.22,INR,BILL-003002-202408,PAID
ACC-DEL-003002,MTR-2291045,Delhi Warehouse,Okhla Phase II,Delhi,Delhi,BSES Yamuna,Industrial LT,LT-IND-1,415V,LT,500,28-09-2024,28-10-2024,31,02-11-2024,01-12-2024,9311915,9340198,ACT,28283,kWh,,,,,,,1395,212122.5,0,0,8862.5,31818.38,254198.38,INR,BILL-003002-202409,PAID
ACC-DEL-003002,MTR-2291045,Delhi Warehouse,Okhla Phase II,Delhi,Delhi,BSES Yamuna,Industrial LT,LT-IND-1,415V,LT,500,29-10-2024,01-12-2024,34,08-12-2024,28-12-2024,9340198,9366206,EST,26008,kWh,,,,,,,1530,195060,0,0,6042.23,29259,231891.23,INR,BILL-003002-202410,PAID
ACC-DEL-003002,MTR-2291045,Delhi Warehouse,Okhla Phase II,Delhi,Delhi,BSES Yamuna,Industrial LT,LT-IND-1,415V,LT,500,02-12-2024,31-12-2024,30,05-01-2025,23-01-2025,9364624,9386248,ACT,21624,kWh,,,,,,,1350,162180,0,0,8124.1,24327,195981.1,INR,BILL-003002-202412,PAID
ACC-DEL-003002,MTR-2291045,Delhi Warehouse,Okhla Phase II,Delhi,Delhi,BSES Yamuna,Industrial LT,LT-IND-1,415V,LT,500,17-01-2025,19-02-2025,34,28-02-2025,28-03-2025,9386248,9412127,ACT,25879,kWh,,,,,,,1530,194092.5,0,0,9806.15,29113.88,234542.53,INR,BILL-003002-202501,PAID
ACC-DEL-003002,MTR-2291045,Delhi Warehouse,Okhla Phase II,Delhi,Delhi,BSES Yamuna,Industrial LT,LT-IND-1,415V,LT,500,20-02-2025,24-03-2025,33,06-04-2025,27-04-2025,9412127,9433232,ACT,21105,kWh,,,,,,,1485,158287.5,0,0,5758.99,23743.12,189274.61,INR,BILL-003002-202502,DISPUTED
ACC-DEL-003002,MTR-2291045,Delhi Warehouse,Okhla Phase II,Delhi,Delhi,BSES Yamuna,Industrial LT,LT-IND-1,415V,LT,500,25-Mar-25,22-04-2025,29,05-05-2025,26-05-2025,9433232,9455683,EST,22451,kWh,,,,,,,1305,168382.5,0,0,5725.04,25257.38,200669.92,INR,BILL-003002-202503,UNPAID
ACC-DEL-003002,MTR-2291045,Delhi Warehouse,Okhla Phase II,Delhi,Delhi,BSES Yamuna,Industrial LT,LT-IND-1,415V,LT,500,23-04-2025,26-05-2025,34,08-06-2025,05-07-2025,9453818,9485325,EST,31507,kWh,,,,,,,1530,236302.5,0,0,7304.35,35445.38,280582.23,INR,BILL-003002-202504,UNPAID
ACC-DEL-003002,MTR-2291045,Delhi Warehouse,Okhla Phase II,Delhi,Delhi,BSES Yamuna,Industrial LT,LT-IND-1,415V,LT,500,27-05-2025,29-06-2025,34,10-07-2025,31-07-2025,9488692,9528058,EST,39366,kWh,,,,,,,1530,295245,0,0,14552.02,44286.75,355613.77,INR,BILL-003002-202505,DISPUTED
ACC-DEL-003002,MTR-2291045,Delhi Warehouse,Okhla Phase II,Delhi,Delhi,BSES Yamuna,Industrial LT,LT-IND-1,415V,LT,500,30-06-2025,30-07-2025,31,04-08-2025,03-09-2025,9527725,9563795,ACT,36070,kWh,,,,,,,1395,270525,0,0,11924.12,40578.75,324422.87,INR,BILL-003002-202506,PAID
ACC-DEL-003002,MTR-2291045,Delhi Warehouse,Okhla Phase II,Delhi,Delhi,BSES Yamuna,Industrial LT,LT-IND-1,415V,LT,500,31-07-2025,31-Aug-25,32,14-09-2025,11-10-2025,9563795,9594380,EST,30585,kWh,,,,,,,1440,229387.5,0,0,12332.34,34408.12,277567.96,INR,BILL-003002-202507,DISPUTED
ACC-DEL-003002,MTR-2291045,Delhi Warehouse,Okhla Phase II,Delhi,Delhi,BSES Yamuna,Industrial LT,LT-IND-1,415V,LT,500,01-Sep-25,28-09-2025,28,11-10-2025,05-11-2025,9596300,9621967,EST,25667,kWh,,,,,,,1260,192502.5,0,0,6556.45,28875.38,229194.33,INR,BILL-003002-202509,PAID
ACC-DEL-003002,MTR-2291045,Delhi Warehouse,Okhla Phase II,Delhi,Delhi,BSES Yamuna,Industrial LT,LT-IND-1,415V,LT,500,29-09-2025,31-Oct-25,33,07-Nov-25,06-12-2025,9623266,9653312,ACT,30046,kWh,,,,,,,1485,225345,0,0,5795.56,33801.75,266427.31,INR,BILL-003002-202509,PAID
ACC-DEL-003002,MTR-2291045,Delhi Warehouse,Okhla Phase II,Delhi,Delhi,BSES Yamuna,Industrial LT,LT-IND-1,415V,LT,500,01-11-2025,03-Dec-25,33,15-12-2025,07-01-2026,9653312,9679573,EST,26261,kWh,,,,,,,1485,196957.5,0,0,9523.96,29543.62,237510.08,INR,BILL-003002-202511,PAID
ACC-DEL-003002,MTR-2291045,Delhi Warehouse,Okhla Phase II,Delhi,Delhi,BSES Yamuna,Industrial LT,LT-IND-1,415V,LT,500,04-12-2025,05-01-2026,33,13-01-2026,01-02-2026,9681223,9706761,EST,25538,kWh,,,,,,,1485,191535,0,0,6026.32,28730.25,227776.57,INR,BILL-003002-202512,DISPUTED
ACC-DEL-003003,MTR-2291100,Delhi Distribution Hub,NH-8 Gurgaon,Gurgaon,Haryana,DHBVN,Industrial HT,HT-IND-2,33kV,HT,1800,15-01-2023,12-02-2023,29,18-02-2023,07-03-2023,3874477,4201784,EST,327307,kWh,190764,113551,51066,1151,kVA,,3480,2368689.6,322663.67,0,109598.23,403702.99,3208134.49,INR,BILL-003003-202301,PAID
ACC-DEL-003003,MTR-2291100,Delhi Distribution Hub,NH-8 Gurgaon,Gurgaon,Haryana,DHBVN,Industrial HT,HT-IND-2,33kV,HT,1800,13-02-2023,13-03-2023,29,27-03-2023,22-04-2023,4229858,4638764,ACT,408906,kWh,187103,139221,82582,1432.4,kVA,0.88,3480,2658382.9,401549.47,53167.66,67765.46,458989.86,3643335.35,INR,BILL-003003-202302,PAID
ACC-DEL-003003,MTR-2291100,Delhi Distribution Hub,NH-8 Gurgaon,Gurgaon,Haryana,DHBVN,Industrial HT,HT-IND-2,33kV,HT,1800,14-03-2023,11-04-2023,29,25-Apr-23,12-05-2023,4638764,5068706,ACT,429942,kWh,214941,142280,72721,1630.2,kVA,0.891,3480,2831848.1,456999.4,25486.63,163761.77,493327.12,3974903.02,INR,BILL-003003-202303,PAID
ACC-DEL-003003,MTR-2291100,Delhi Distribution Hub,NH-8 Gurgaon,Gurgaon,Haryana,DHBVN,Industrial HT,HT-IND-2,33kV,HT,1800,12-04-2023,13-May-23,32,26-05-2023,13-06-2023,5068706,5792259,ACT,723553,kWh,387789,214631,121133,1634.7,kVA,0.89,3840,4844786.5,505667.2,48447.87,259334.7,802568.06,6464644.33,INR,BILL-003003-202304,PAID
ACC-DEL-003003,MTR-2291100,Delhi Distribution Hub,NH-8 Gurgaon,Gurgaon,Haryana,DHBVN,Industrial HT,HT-IND-2,33kV,HT,1800,14-05-2023,10-Jun-23,28,19-Jun-23,09-07-2023,5792259,6389873,EST,597614,kWh,291876,186953,73712,1500.9,kVA,0.956,3360,3660209.2,406243.6,0,200021.96,609967.92,4879802.68,INR,BILL-003003-202305,PAID
ACC-DEL-003003,MTR-2291100,Delhi Distribution Hub,NH-8 Gurgaon,Gurgaon,Haryana,DHBVN,Industrial HT,HT-IND-2,33kV,HT,1800,11-06-2023,10-07-2023,30,21-07-2023,16-08-2023,6344800,7009242,EST,664442,kWh,234750,228262,181064,1259.2,kVA,0.972,3600,4072779.4,365168,0,203479.41,665692.11,5310718.92,INR,BILL-003003-202306,PAID
ACC-DEL-003003,MTR-2291100,Delhi Distribution Hub,NH-8 Gurgaon,Gurgaon,Haryana,DHBVN,Industrial HT,HT-IND-2,33kV,HT,1800,11-07-2023,11-08-2023,32,21-08-2023,12-09-2023,6988876,7475378,ACT,486502,kWh,216490,160564,109448,1241.6,kVA,0.911,3840,3159555.8,384068.27,0,205084.11,531543.61,4284091.79,INR,BILL-003003-202307,PAID
ACC-DEL-003003,MTR-2291100,Delhi Distribution Hub,NH-8 Gurgaon,Gurgaon,Haryana,DHBVN,Industrial HT,HT-IND-2,33kV,HT,1800,12-08-2023,12-09-2023,32,21-09-2023,17-10-2023,7475378,8006425,ACT,531047,kWh,204912,187596,138539,1606.6,kVA,,3840,3378207.4,496974.93,0,106913.44,581277.35,4567213.12,INR,BILL-003003-202308,PAID
ACC-DEL-003003,MTR-2291100,Delhi Distribution Hub,NH-8 Gurgaon,Gurgaon,Haryana,DHBVN,Industrial HT,HT-IND-2,33kV,HT,1800,13-09-2023,16-10-2023,34,26-10-2023,24-11-2023,8006425,8546495,ACT,540070,kWh,227203,197117,115750,1231,kVA,,4080,3458715.3,404588.67,0,127802.26,579495.6,4574681.83,INR,BILL-003003-202309,PAID
ACC-DEL-003003,MTR-2291100,Delhi Distribution Hub,NH-8 Gurgaon,Gurgaon,Haryana,DHBVN,Industrial HT,HT-IND-2,33kV,HT,1800,17-10-2023,18-11-2023,33,27-11-2023,14-12-2023,8546495,9047999,ACT,501504,kWh,228016,149043,124445,1541.2,kVA,0.907,3960,3288291.8,491642.8,0,109145.17,566990.19,4460029.96,INR,BILL-003003-202310,PAID
ACC-DEL-003003,MTR-2291100,Delhi Distribution Hub,NH-8 Gurgaon,Gurgaon,Haryana,DHBVN,Industrial HT,HT-IND-2,33kV,HT,1800,19-11-2023,19-12-2023,31,02-01-2024,01-Feb-24,9047999,9495187,ACT,447188,kWh,193960,135620,117608,1250,kVA,,3720,2912429.6,374583.33,0,128139.5,493051.94,3911924.37,INR,BILL-003003-202311,PAID
ACC-DEL-003003,MTR-2291100,Delhi Distribution Hub,NH-8 Gurgaon,Gurgaon,Haryana,DHBVN,Industrial HT,HT-IND-2,33kV,HT,1800,20-12-2023,23-01-2024,35,31-01-2024,26-02-2024,9495187,9933120,ACT,437933,kWh,160882,145386,131665,1708.8,kVA,0.972,4200,2785143.6,578144,0,92565.25,504493.14,3964545.99,INR,BILL-003003-202312,PAID
ACC-DEL-003003,MTR-2291100,Delhi Distribution Hub,NH-8 Gurgaon,Gurgaon,Haryana,DHBVN,Industrial HT,HT-IND-2,33kV,HT,1800,17-01-2024,17-Feb-24,32,24-Feb-24,15-03-2024,9933120,10379956,ACT,446836,kWh,189706,177014,80116,1439.2,kVA,0.871,3840,2845063.8,445192.53,82506.85,169183.02,493538.45,4039324.65,INR,BILL-003003-202401,PAID
ACC-DEL-003003,MTR-2291100,Delhi Distribution Hub,NH-8 Gurgaon,Gurgaon,Haryana,DHBVN,Industrial HT,HT-IND-2,33kV,HT,1800,18-02-2024,20-Mar-24,32,02-04-2024,23-04-2024,10379956,10769540,ACT,389584,kWh,177193,152273,60118,1149.3,kVA,0.941,3840,2503466.7,355516.8,0,147327.85,428847.52,3438998.87,INR,BILL-003003-202402,PAID
ACC-DEL-003003,MTR-2291100,Delhi Distribution Hub,NH-8 Gurgaon,Gurgaon,Haryana,DHBVN,Industrial HT,HT-IND-2,33kV,HT,1800,21-03-2024,18-04-2024,29,29-Apr-24,25-May-24,10769540,11163634,ACT,394094,kWh,159822,117739,116533,1294.5,kVA,,3480,2550245.6,362891.5,0,59588.86,436970.57,3413176.53,INR,BILL-003003-202403,PAID
ACC-DEL-003003,MTR-2291100,Delhi Distribution Hub,NH-8 Gurgaon,Gurgaon,Haryana,DHBVN,Industrial HT,HT-IND-2,33kV,HT,1800,19-04-2024,17-05-2024,29,01-06-2024,01-07-2024,11163634,11726938,EST,563304,kWh,235893,210442,173092,1464.9,kVA,0.886,3480,3946846.7,410660.3,55255.85,140668.6,653626.05,5210537.5,INR,BILL-003003-202404,PAID
ACC-DEL-003003,MTR-2291100,Delhi Distribution Hub,NH-8 Gurgaon,Gurgaon,Haryana,DHBVN,Industrial HT,HT-IND-2,33kV,HT,1800,18-05-2024,19-06-2024,33,04-07-2024,22-07-2024,11783061,12420111,ACT,637050,kWh,239456,173460,224134,1112.1,kVA,0.892,3960,4113941.2,354759.9,32911.53,109468.93,670305.17,5285346.73,INR,BILL-003003-202405,PAID
ACC-DEL-003003,MTR-2291100,Delhi Distribution Hub,NH-8 Gurgaon,Gurgaon,Haryana,DHBVN,Industrial HT,HT-IND-2,33kV,HT,1800,20-Jun-24,22-07-2024,33,03-08-2024,01-09-2024,12420111,13083829,ACT,663718,kWh,277140,185359,201219,1715.4,kVA,0.978,3960,4326687,547212.6,0,185756.17,731084.94,5794700.71,INR,BILL-003003-202406,PAID
ACC-DEL-003003,MTR-2291100,Delhi Distribution Hub,NH-8 Gurgaon,Gurgaon,Haryana,DHBVN,Industrial HT,HT-IND-2,33kV,HT,1800,23-07-2024,19-08-2024,28,24-08-2024,11-09-2024,13083829,13577583,ACT,493754,kWh,264745,179556,49453,1187.2,kVA,0.859,3360,3259962.9,321335.47,133658.48,147011.56,537194.76,4402523.17,INR,BILL-003003-202407,PAID
ACC-DEL-003003,MTR-2291100,Delhi Distribution Hub,NH-8 Gurgaon,Gurgaon,Haryana,DHBVN,Industrial HT,HT-IND-2,33kV,HT,1800,20-Aug-24,20-09-2024,32,01-10-2024,26-10-2024,13577583,14072095,ACT,494512,kWh,217812,170913,105787,1337.5,kVA,0.861,3840,3196976.6,413733.33,124682.09,212248.62,541606.49,4493087.13,INR,BILL-003003-202408,PAID
ACC-DEL-003003,MTR-2291100,Delhi Distribution Hub,NH-8 Gurgaon,Gurgaon,Haryana,DHBVN,Industrial HT,HT-IND-2,33kV,HT,1800,21-09-2024,19-10-2024,29,28-10-2024,13-11-2024,14072095,14515758,ACT,443663,kWh,170716,144387,128560,1418.6,kVA,0.883,3480,2838786,397680.87,48259.36,181560.93,485470.03,3955237.19,INR,BILL-003003-202409,PAID
ACC-DEL-003003,MTR-2291100,Delhi Distribution Hub,NH-8 Gurgaon,Gurgaon,Haryana,DHBVN,Industrial HT,HT-IND-2,33kV,HT,1800,20-10-2024,23-11-2024,35,30-11-2024,28-12-2024,14515758,15011080,EST,495322,kWh,232058,213965,89905,1184.4,kVA,0.869,4200,3417701.2,400722,105948.74,189593.99,572763.48,4690929.41,INR,BILL-003003-202410,PAID
ACC-DEL-003003,MTR-2291100,Delhi Distribution Hub,NH-8 Gurgaon,Gurgaon,Haryana,DHBVN,Industrial HT,HT-IND-2,33kV,HT,1800,24-Nov-24,27-12-2024,34,05-01-2025,21-01-2025,15051686,15602518,ACT,550832,kWh,270838,203031,76963,1486.6,kW,0.964,4080,3591339.6,488595.87,0,89216.29,611990.32,4785222.08,INR,BILL-003003-202411,PAID
ACC-DEL-003003,MTR-2291100,Delhi Distribution Hub,NH-8 Gurgaon,Gurgaon,Haryana,DHBVN,Industrial HT,HT-IND-2,33kV,HT,1800,28-12-2024,24-01-2025,28,08-02-2025,27-02-2025,15602518,15974288,ACT,371770,kWh,152223,117847,101700,1755,kVA,0.918,3360,2398767.3,475020,0,152000.7,431068.09,3460216.09,INR,BILL-003003-202412,PAID
ACC-DEL-003003,MTR-2291100,Delhi Distribution Hub,NH-8 Gurgaon,Gurgaon,Haryana,DHBVN,Industrial HT,HT-IND-2,33kV,HT,1800,21-01-2025,19-02-2025,30,06-03-2025,27-03-2025,15974288,16389473,ACT,415185,kWh,156945,136244,121996,1226.3,kVA,0.866,3600,2650211.9,355627,90107.2,150777.94,450875.83,3701199.87,INR,BILL-003003-202501,PAID
ACC-DEL-003003,MTR-2291100,Delhi Distribution Hub,NH-8 Gurgaon,Gurgaon,Haryana,DHBVN,Industrial HT,HT-IND-2,33kV,HT,1800,20-02-2025,23-Mar-25,32,06-04-2025,27-04-2025,16389473,16741823,EST,352350,kWh,193852,121891,63607,1346.9,kVA,,3840,2510871,416641.07,0,127798.85,439126.81,3498277.73,INR,BILL-003003-202502,PAID
ACC-DEL-003003,MTR-2291100,Delhi Distribution Hub,NH-8 Gurgaon,Gurgaon,Haryana,DHBVN,Industrial HT,HT-IND-2,33kV,HT,1800,24-03-2025,20-Apr-25,28,02-05-2025,30-May-25,16768823,17164223,ACT,395400,kWh,142808,154327,98265,1425.3,kVA,,3360,2478195.8,385781.2,0,145802.8,429596.55,3442736.35,INR,BILL-003003-202503,DISPUTED
ACC-DEL-003003,MTR-2291100,Delhi Distribution Hub,NH-8 Gurgaon,Gurgaon,Haryana,DHBVN,Industrial HT,HT-IND-2,33kV,HT,1800,21-04-2025,23-05-2025,33,04-06-2025,28-06-2025,17164223,17819129,EST,654906,kWh,343922,201470,84065,1573.1,kVA,0.978,3960,4205242.8,501818.9,0,151326.27,706059.26,5568407.23,INR,BILL-003003-202504,UNPAID
ACC-DEL-003003,MTR-2291100,Delhi Distribution Hub,NH-8 Gurgaon,Gurgaon,Haryana,DHBVN,Industrial HT,HT-IND-2,33kV,HT,1800,24-05-2025,21-06-2025,29,26-Jun-25,16-Jul-25,17793680,18336301,ACT,542621,kWh,201894,158240,182487,1167,kVA,0.912,3480,3485934,327149,0,144999.8,571962.45,4533525.25,INR,BILL-003003-202505,DISPUTED
ACC-DEL-003003,MTR-2291100,Delhi Distribution Hub,NH-8 Gurgaon,Gurgaon,Haryana,DHBVN,Industrial HT,HT-IND-2,33kV,HT,1800,22-06-2025,24-07-2025,33,29-07-2025,24-08-2025,18336301,19034481,EST,698180,kWh,350272,219082,69360,1379.2,kVA,,3960,4248774.4,439964.8,0,106427.77,703310.88,5502437.85,INR,BILL-003003-202506,DISPUTED
ACC-DEL-003003,MTR-2291100,Delhi Distribution Hub,NH-8 Gurgaon,Gurgaon,Haryana,DHBVN,Industrial HT,HT-IND-2,33kV,HT,1800,25-07-2025,23-08-2025,30,05-09-2025,22-Sep-25,18975015,19525674,EST,550659,kWh,201581,207477,164116,1091.8,kVA,0.898,3600,3605898.7,316622,7211.8,214134.11,588378.1,4735844.71,INR,BILL-003003-202507,PAID
ACC-DEL-003003,MTR-2291100,Delhi Distribution Hub,NH-8 Gurgaon,Gurgaon,Haryana,DHBVN,Industrial HT,HT-IND-2,33kV,HT,1800,24-08-2025,22-09-2025,30,27-09-2025,14-10-2025,19548189,20002153,EST,453964,kWh,237908,193087,66414,1258.7,kVA,0.912,3600,3218057.6,365023,0,118672.19,537462.09,4242814.88,INR,BILL-003003-202508,PAID
ACC-DEL-003003,MTR-2291100,Delhi Distribution Hub,NH-8 Gurgaon,Gurgaon,Haryana,DHBVN,Industrial HT,HT-IND-2,33kV,HT,1800,23-Sep-25,24-10-2025,32,03-11-2025,02-12-2025,20045598,20596116,ACT,550518,kWh,276067,193817,80634,1597.5,kVA,0.892,3840,3611181.7,494160,28889.45,170172.95,615801.26,4924045.36,INR,BILL-003003-202509,DISPUTED
ACC-DEL-003003,MTR-2291100,Delhi Distribution Hub,NH-8 Gurgaon,Gurgaon,Haryana,DHBVN,Industrial HT,HT-IND-2,33kV,HT,1800,25-10-2025,24-Nov-25,31,05-12-2025,24-12-2025,20596116,21063823,ACT,467707,kWh,247957,119622,100128,1678.5,kVA,,3720,3153839.5,502990.5,0,166655.39,548524.5,4375729.89,INR,BILL-003003-202510,UNPAID
ACC-DEL-003003,MTR-2291100,Delhi Distribution Hub,NH-8 Gurgaon,Gurgaon,Haryana,DHBVN,Industrial HT,HT-IND-2,33kV,HT,1800,25-11-2025,24-12-2025,30,31-Dec-25,30-01-2026,21063823,21536847,ACT,473024,kWh,215227,179031,78766,1359.4,kVA,0.884,3600,3047991.3,394226,48767.86,209905.32,516332.59,4220823.07,INR,BILL-003003-202511,UNPAID
ACC-DEL-003003,MTR-2291100,Delhi Distribution Hub,NH-8 Gurgaon,Gurgaon,Haryana,DHBVN,Industrial HT,HT-IND-2,33kV,HT,1800,25-12-2025,23-01-2026,30,04-02-2026,23-02-2026,21536847,21963839,ACT,426992,kWh,174083,151376,101533,1758.7,kVA,0.901,3600,2731365.1,510023,0,139339.56,486208.21,3870535.87,INR,BILL-003003-202512,DISPUTED
ACC-CHN-004001,MTR-5501234,Chennai Refinery Main,Manali,Chennai,Tamil Nadu,TANGEDCO,Industrial EHV,EHV-HT,110kV,EHV,12000,18-01-2023,20-02-2023,34,26-02-2023,21-Mar-23,4080723,8492288,EST,4411565,kWh,2332064,1837237,667582,10230.4,kVA,,14280,25360861.1,3014557.87,0,1829749.52,4256312.85,34475761.34,INR,BILL-004001-202301,PAID
ACC-CHN-004001,MTR-5501234,Chennai Refinery Main,Manali,Chennai,Tamil Nadu,TANGEDCO,Industrial EHV,EHV-HT,110kV,EHV,12000,21-02-2023,20-03-2023,28,30-Mar-23,24-04-2023,8917606,13604814,ACT,4687.208,MWh,2411165,1802511,473532,10588.7,kVA,0.875,11760,24756876.4,2569524.53,618921.91,1406162400,4098960.14,1438218443,INR,BILL-004001-202302,PAID
ACC-CHN-004001,MTR-5501234,Chennai Refinery Main,Manali,Chennai,Tamil Nadu,TANGEDCO,Industrial EHV,EHV-HT,110kV,EHV,12000,21-Mar-23,21-04-2023,32,05-05-2023,30-May-23,13604814,19097146,EST,5492.332,MWh,2009907,1344845,1777086,11210.2,kVA,0.968,13440,27103460.6,3108962.13,0,1647699600,4531863.41,1682457326,INR,BILL-004001-202303,PAID
ACC-CHN-004001,MTR-5501234,Chennai Refinery Main,Manali,Chennai,Tamil Nadu,TANGEDCO,Industrial EHV,EHV-HT,110kV,EHV,12000,22-04-2023,26-05-2023,35,10-06-2023,30-06-2023,18736652,27437531,ACT,8700.879,MWh,3289899,3285965,2125015,6476.6,kW,0.955,14700,44379990.5,1964568.67,0,2610263700,6951683.88,2663574643,INR,BILL-004001-202304,PAID
ACC-CHN-004001,MTR-5501234,Chennai Refinery Main,Manali,Chennai,Tamil Nadu,TANGEDCO,Industrial EHV,EHV-HT,110kV,EHV,12000,27-05-2023,23-06-2023,28,04-Jul-23,27-07-2023,27437531,34898032,ACT,7460501,kWh,3038025,1933345,2489131,8308.6,kVA,0.964,11760,39595107.1,2016220.27,0,2799138.48,6241699.11,50663924.96,INR,BILL-004001-202305,PAID
ACC-CHN-004001,MTR-5501234,Chennai Refinery Main,Manali,Chennai,Tamil Nadu,TANGEDCO,Industrial EHV,EHV-HT,110kV,EHV,12000,24-06-2023,26-Jul-23,33,06-08-2023,22-08-2023,34898032,43480390,ACT,8582358,kWh,4158988,3340255,1083115,9204,kVA,0.866,13860,44916252,2632344,1527152.57,3482449.89,7132289.4,59704347.86,INR,BILL-004001-202306,PAID
ACC-CHN-004001,MTR-5501234,Chennai Refinery Main,Manali,Chennai,Tamil Nadu,TANGEDCO,Industrial EHV,EHV-HT,110kV,EHV,12000,27-07-2023,26-08-2023,31,09-09-2023,03-10-2023,43480390,49455859,ACT,5975469,kWh,3011908,2323444,640117,11317.3,kVA,,13020,31438741.5,3040581.27,0,1958148.43,5171898.42,41622389.62,INR,BILL-004001-202307,PAID
ACC-CHN-004001,MTR-5501234,Chennai Refinery Main,Manali,Chennai,Tamil Nadu,TANGEDCO,Industrial EHV,EHV-HT,110kV,EHV,12000,27-08-2023,28-09-2023,33,13-10-2023,04-11-2023,49455859,56131656,ACT,6675.797,MWh,3136874,2441410,1097513,8765.8,kVA,0.932,13860,35020214.3,2507018.8,0,2002739100,5629084.96,2045909278,INR,BILL-004001-202308,PAID
ACC-CHN-004001,MTR-5501234,Chennai Refinery Main,Manali,Chennai,Tamil Nadu,TANGEDCO,Industrial EHV,EHV-HT,110kV,EHV,12000,29-09-2023,02-11-2023,35,13-11-2023,09-12-2023,56131656,64374089,EST,8242433,kWh,3322735,3141239,1473181,7234.4,kVA,0.962,14700,40733584.9,2194434.67,0,3395719.92,6439202.94,52777642.43,INR,BILL-004001-202309,PAID
ACC-CHN-004001,MTR-5501234,Chennai Refinery Main,Manali,Chennai,Tamil Nadu,TANGEDCO,Industrial EHV,EHV-HT,110kV,EHV,12000,03-11-2023,03-12-2023,31,11-12-2023,08-01-2024,64068811,69728732,EST,5659921,kWh,2106443,1727832,2094352,9610.3,kVA,0.969,13020,30766053.1,2581967.27,0,1255960.82,5002203.06,39619204.25,INR,BILL-004001-202311,PAID
ACC-CHN-004001,MTR-5501234,Chennai Refinery Main,Manali,Chennai,Tamil Nadu,TANGEDCO,Industrial EHV,EHV-HT,110kV,EHV,12000,04-12-2023,07-01-2024,35,21-01-2024,19-02-2024,69997438,75022819,ACT,5025381,kWh,2613623,1569889,841869,10223.7,kW,,14700,27090670.7,3101189,0,1447706.97,4528778.96,36183045.63,INR,BILL-004001-202312,PAID
ACC-CHN-004001,MTR-5501234,Chennai Refinery Main,Manali,Chennai,Tamil Nadu,TANGEDCO,Industrial EHV,EHV-HT,110kV,EHV,12000,15-Jan-24,13-02-2024,30,22-02-2024,23-03-2024,75022819,79594689,ACT,4571870,kWh,1631188,1663235,1277447,8108.3,kW,0.895,12600,23271671.2,2108158,116358.36,1484576.91,3806974.38,30800338.85,INR,BILL-004001-202401,PAID
ACC-CHN-004001,MTR-5501234,Chennai Refinery Main,Manali,Chennai,Tamil Nadu,TANGEDCO,Industrial EHV,EHV-HT,110kV,EHV,12000,14-02-2024,15-03-2024,31,27-03-2024,15-04-2024,79594689,84098697,ACT,4504008,kWh,1705001,1387350,1411657,11146.1,kVA,0.948,13020,23415152.2,2994585.53,0,705353.64,3961460.66,31089572.03,INR,BILL-004001-202402,PAID
ACC-CHN-004001,MTR-5501234,Chennai Refinery Main,Manali,Chennai,Tamil Nadu,TANGEDCO,Industrial EHV,EHV-HT,110kV,EHV,12000,16-03-2024,14-04-2024,30,26-04-2024,15-05-2024,84098697,89097112,ACT,4998415,kWh,2184978,1546583,1266854,8448.1,kVA,0.93,12600,26385669.5,2196506,0,1513257.06,4287326.33,34395358.89,INR,BILL-004001-202403,PAID
ACC-CHN-004001,MTR-5501234,Chennai Refinery Main,Manali,Chennai,Tamil Nadu,TANGEDCO,Industrial EHV,EHV-HT,110kV,EHV,12000,15-04-2024,13-May-24,29,23-05-2024,13-06-2024,89097112,96505757,ACT,7408.645,MWh,3329453,2611606,1467586,7592.4,kVA,0.864,12180,38789075.3,1908223.2,1396406.71,2222593500,6104594.77,2270803980,INR,BILL-004001-202404,PAID
ACC-CHN-004001,MTR-5501234,Chennai Refinery Main,Manali,Chennai,Tamil Nadu,TANGEDCO,Industrial EHV,EHV-HT,110kV,EHV,12000,14-05-2024,14-06-2024,32,28-06-2024,16-07-2024,96505757,103905915,ACT,7400158,kWh,2816832,2021584,2561742,10978.8,kVA,0.959,13440,38854153,3044787.2,0,2738088.66,6284841.03,50935309.89,INR,BILL-004001-202405,PAID
ACC-CHN-004001,MTR-5501234,Chennai Refinery Main,Manali,Chennai,Tamil Nadu,TANGEDCO,Industrial EHV,EHV-HT,110kV,EHV,12000,15-06-2024,18-07-2024,34,31-07-2024,15-08-2024,103905915,112120163,ACT,8214.248,MWh,2910992,2362554,2940702,9290.9,kVA,0.909,14280,42660478,2737718.53,0,2464274400,6809729.48,2516496606,INR,BILL-004001-202406,PAID
ACC-CHN-004001,MTR-5501234,Chennai Refinery Main,Manali,Chennai,Tamil Nadu,TANGEDCO,Industrial EHV,EHV-HT,110kV,EHV,12000,19-07-2024,16-08-2024,29,21-08-2024,13-09-2024,112120163,118744931,ACT,6624768,kWh,3487249,1788144,1349375,11722.4,kVA,0.88,12180,36165063.8,2946229.87,723301.28,2945307.17,5866694.05,48658776.17,INR,BILL-004001-202407,PAID
ACC-CHN-004001,MTR-5501234,Chennai Refinery Main,Manali,Chennai,Tamil Nadu,TANGEDCO,Industrial EHV,EHV-HT,110kV,EHV,12000,17-08-2024,15-09-2024,30,27-Sep-24,18-10-2024,118744931,125801418,EST,7056487,kWh,3335131,2008032,1560115,10147.8,kVA,0.973,12600,37064656.4,2638428,0,1431231.94,5955462.66,47102379,INR,BILL-004001-202408,PAID
ACC-CHN-004001,MTR-5501234,Chennai Refinery Main,Manali,Chennai,Tamil Nadu,TANGEDCO,Industrial EHV,EHV-HT,110kV,EHV,12000,16-09-2024,15-10-2024,30,23-10-2024,20-11-2024,125648209,132671281,EST,7023.072,MWh,3163017,1763735,1538107,8505.9,kW,0.966,12600,34929775.7,2211534,0,2106921600,5571196.46,2149646706,INR,BILL-004001-202409,PAID
ACC-CHN-004001,MTR-5501234,Chennai Refinery Main,Manali,Chennai,Tamil Nadu,TANGEDCO,Industrial EHV,EHV-HT,110kV,EHV,12000,16-10-2024,16-11-2024,32,22-11-2024,15-12-2024,132113068,137780307,EST,5667.239,MWh,2294963,1887703,1680600,8365.2,kVA,0.916,13440,30472820.6,2319948.8,0,1700171700,4918915.41,1737896825,INR,BILL-004001-202410,PAID
ACC-CHN-004001,MTR-5501234,Chennai Refinery Main,Manali,Chennai,Tamil Nadu,TANGEDCO,Industrial EHV,EHV-HT,110kV,EHV,12000,17-11-2024,21-12-2024,35,29-Dec-24,27-01-2025,137976334,143667858,ACT,5691.524,MWh,2211705,2236848,1242971,8220.2,kVA,0.933,14700,28991572.2,2493460.67,0,1707457200,4722754.93,1743679688,INR,BILL-004001-202411,PAID
ACC-CHN-004001,MTR-5501234,Chennai Refinery Main,Manali,Chennai,Tamil Nadu,TANGEDCO,Industrial EHV,EHV-HT,110kV,EHV,12000,22-12-2024,25-01-2025,35,08-02-2025,01-03-2025,143667858,148504113,ACT,4836.255,MWh,2287893,1740220,808142,9499.5,kW,0.917,14700,25431642.7,2881515,0,1450876500,4246973.65,1483451331,INR,BILL-004001-202412,PAID
ACC-CHN-004001,MTR-5501234,Chennai Refinery Main,Manali,Chennai,Tamil Nadu,TANGEDCO,Industrial EHV,EHV-HT,110kV,EHV,12000,15-01-2025,14-02-2025,31,25-02-2025,21-03-2025,148504113,153952594,EST,5448.481,MWh,1974703,1998339,1224440,11604.4,kVA,0.952,13020,26474067.8,3117715.47,0,1634544300,4438767.49,1668587871,INR,BILL-004001-202501,UNPAID
ACC-CHN-004001,MTR-5501234,Chennai Refinery Main,Manali,Chennai,Tamil Nadu,TANGEDCO,Industrial EHV,EHV-HT,110kV,EHV,12000,15-02-2025,19-03-2025,33,25-Mar-25,13-04-2025,153701595,159273532,ACT,5571.937,MWh,2671741,1860839,1039357,7423.2,kVA,0.869,13860,29552141.5,2123035.2,916116.39,1671581100,4751276.5,1708937530,INR,BILL-004001-202502,DISPUTED
ACC-CHN-004001,MTR-5501234,Chennai Refinery Main,Manali,Chennai,Tamil Nadu,TANGEDCO,Industrial EHV,EHV-HT,110kV,EHV,12000,20-03-2025,18-04-2025,30,28-04-2025,14-05-2025,159273532,164954788,ACT,5681.256,MWh,2271549,1993155,1416552,11443.8,kVA,0.936,12600,29364157.2,2975388,0,1704376800,4850931.78,1741579877,INR,BILL-004001-202503,UNPAID
ACC-CHN-004001,MTR-5501234,Chennai Refinery Main,Manali,Chennai,Tamil Nadu,TANGEDCO,Industrial EHV,EHV-HT,110kV,EHV,12000,19-04-2025,21-05-2025,33,03-06-2025,21-Jun-25,164954788,172260478,EST,7305690,kWh,4028021,2649485,796040,9906.4,kVA,0.908,13860,40045035,2833230.4,0,1960662.77,6431739.81,51284527.98,INR,BILL-004001-202504,PAID
ACC-CHN-004001,MTR-5501234,Chennai Refinery Main,Manali,Chennai,Tamil Nadu,TANGEDCO,Industrial EHV,EHV-HT,110kV,EHV,12000,22-05-2025,24-06-2025,34,04-07-2025,27-07-2025,172428334,180590327,EST,8161993,kWh,3542048,2322552,2410327,8583.7,kVA,0.955,14280,43909422.1,2529330.27,0,2625242.07,6965812.86,56044087.3,INR,BILL-004001-202505,DISPUTED
ACC-CHN-004001,MTR-5501234,Chennai Refinery Main,Manali,Chennai,Tamil Nadu,TANGEDCO,Industrial EHV,EHV-HT,110kV,EHV,12000,25-06-2025,29-07-2025,35,07-08-2025,01-09-2025,180703261,189958644,ACT,9255.383,MWh,3447458,3081844,2726081,10108.9,kVA,0.953,14700,47714312.9,3066366.33,0,2776614900,7617101.88,2835027381,INR,BILL-004001-202506,DISPUTED
ACC-CHN-004001,MTR-5501234,Chennai Refinery Main,Manali,Chennai,Tamil Nadu,TANGEDCO,Industrial EHV,EHV-HT,110kV,EHV,12000,30-07-2025,29-08-2025,31,13-09-2025,11-10-2025,189958644,195716066,ACT,5757.422,MWh,3013545,1852190,891687,8911.1,kVA,0.875,13020,30988749.2,2394115.53,774718.73,1727226600,5007429.71,1766404633,INR,BILL-004001-202507,UNPAID
ACC-CHN-004001,MTR-5501234,Chennai Refinery Main,Manali,Chennai,Tamil Nadu,TANGEDCO,Industrial EHV,EHV-HT,110kV,EHV,12000,30-08-2025,27-Sep-25,29,06-10-2025,26-10-2025,195716066,201521890,ACT,5805824,kWh,2843503,1966519,995802,7278,kVA,,12180,30837480,1829204,0,981886.96,4900002.6,38560753.56,INR,BILL-004001-202508,UNPAID
ACC-CHN-004001,MTR-5501234,Chennai Refinery Main,Manali,Chennai,Tamil Nadu,TANGEDCO,Industrial EHV,EHV-HT,110kV,EHV,12000,28-09-2025,30-10-2025,33,10-11-2025,07-12-2025,201521890,208452036,ACT,6930.146,MWh,3576184,2367593,986369,8487,kW,,13860,37035772,2427282,0,2079043800,5919458.1,2124440172,INR,BILL-004001-202509,UNPAID
ACC-CHN-004001,MTR-5501234,Chennai Refinery Main,Manali,Chennai,Tamil Nadu,TANGEDCO,Industrial EHV,EHV-HT,110kV,EHV,12000,31-10-2025,04-12-2025,35,12-Dec-25,09-01-2026,208452036,214009835,ACT,5557.799,MWh,2401908,1466495,1689396,11284.1,kVA,0.887,14700,29654353.1,3422843.67,385506.59,1667339700,4961579.52,1705778683,INR,BILL-004001-202510,UNPAID
ACC-CHN-004001,MTR-5501234,Chennai Refinery Main,Manali,Chennai,Tamil Nadu,TANGEDCO,Industrial EHV,EHV-HT,110kV,EHV,12000,05-12-2025,03-01-2026,30,13-01-2026,06-Feb-26,214009835,218951175,ACT,4941.34,MWh,2575140,1439467,926733,8622.2,kVA,0.975,12600,26790776.2,2241772,0,1482402000,4354882.23,1515802030,INR,BILL-004001-202512,PAID
ACC-CHN-004002,MTR-5501235,Chennai Admin Block,Anna Nagar,Chennai,Tamil Nadu,TANGEDCO,Commercial HT,HT-COM-2,11kV,HT,400,19-01-2023,18-02-2023,31,02-03-2023,17-03-2023,2846695,2862801,EST,16106,kWh,5769,6527,4090,,,,2170,117844.4,0,0,6952.68,17676.66,144643.74,INR,BILL-004002-202301,PAID
ACC-CHN-004002,MTR-5501235,Chennai Admin Block,Anna Nagar,Chennai,Tamil Nadu,TANGEDCO,Commercial HT,HT-COM-2,11kV,HT,400,19-02-2023,22-03-2023,32,03-04-2023,01-May-23,2863081,2878133,ACT,15052,kWh,5769,5260,4023,,,,2240,110393.5,0,0,3195.02,16559.02,132387.54,INR,BILL-004002-202302,PAID
ACC-CHN-004002,MTR-5501235,Chennai Admin Block,Anna Nagar,Chennai,Tamil Nadu,TANGEDCO,Commercial HT,HT-COM-2,11kV,HT,400,23-03-2023,20-Apr-23,29,03-05-2023,20-05-2023,2878133,2895034,ACT,16901,kWh,6352,6162,4387,,,,2030,123280.6,0,0,5371,18492.09,149173.69,INR,BILL-004002-202303,PAID
ACC-CHN-004002,MTR-5501235,Chennai Admin Block,Anna Nagar,Chennai,Tamil Nadu,TANGEDCO,Commercial HT,HT-COM-2,11kV,HT,400,21-04-2023,23-May-23,33,05-06-2023,27-06-2023,2895034,2921474,ACT,26440,kWh,10623,10428,5389,,,,2310,192824.1,0,0,10023.42,28923.62,234081.14,INR,BILL-004002-202304,PAID
ACC-CHN-004002,MTR-5501235,Chennai Admin Block,Anna Nagar,Chennai,Tamil Nadu,TANGEDCO,Commercial HT,HT-COM-2,11kV,HT,400,24-05-2023,25-06-2023,33,05-Jul-23,31-07-2023,2921474,2948445,ACT,26971,kWh,10994,7711,8266,,,,2310,201971.1,0,0,9670.49,30295.67,244247.26,INR,BILL-004002-202305,PAID
ACC-CHN-004002,MTR-5501235,Chennai Admin Block,Anna Nagar,Chennai,Tamil Nadu,TANGEDCO,Commercial HT,HT-COM-2,11kV,HT,400,26-06-2023,24-07-2023,29,07-08-2023,06-09-2023,2948445,2974496,ACT,26051,kWh,9478,7946,8627,,,,2030,192067.2,0,0,6777.76,28810.08,229685.04,INR,BILL-004002-202306,PAID
ACC-CHN-004002,MTR-5501235,Chennai Admin Block,Anna Nagar,Chennai,Tamil Nadu,TANGEDCO,Commercial HT,HT-COM-2,11kV,HT,400,25-07-2023,21-08-2023,28,30-08-2023,22-09-2023,2974496,2991843,ACT,17347,kWh,9070,4514,3763,,,,1960,134457.6,0,0,7100.47,20168.64,163686.71,INR,BILL-004002-202307,PAID
ACC-CHN-004002,MTR-5501235,Chennai Admin Block,Anna Nagar,Chennai,Tamil Nadu,TANGEDCO,Commercial HT,HT-COM-2,11kV,HT,400,22-08-2023,23-09-2023,33,05-10-2023,21-10-2023,2991843,3012904,ACT,21061,kWh,9602,5378,6081,,,,2310,160740.4,0,0,3624.57,24111.06,190786.03,INR,BILL-004002-202308,PAID
ACC-CHN-004002,MTR-5501235,Chennai Admin Block,Anna Nagar,Chennai,Tamil Nadu,TANGEDCO,Commercial HT,HT-COM-2,11kV,HT,400,24-Sep-23,26-10-2023,33,03-Nov-23,02-12-2023,3012904,3035984,EST,23080,kWh,8831,6662,8702,,,,2310,179657.5,0,0,7274.58,26948.62,216190.7,INR,BILL-004002-202309,PAID
ACC-CHN-004002,MTR-5501235,Chennai Admin Block,Anna Nagar,Chennai,Tamil Nadu,TANGEDCO,Commercial HT,HT-COM-2,11kV,HT,400,27-10-2023,25-Nov-23,30,08-12-2023,05-Jan-24,3037099,3055145,EST,18046,kWh,6402,4313,5951,,,,2100,124826.9,0,0,7875.84,18724.03,153526.77,INR,BILL-004002-202310,PAID
ACC-CHN-004002,MTR-5501235,Chennai Admin Block,Anna Nagar,Chennai,Tamil Nadu,TANGEDCO,Commercial HT,HT-COM-2,11kV,HT,400,26-11-2023,24-12-2023,29,07-Jan-24,02-02-2024,3053765,3071654,EST,17889,kWh,7255,7249,3660,,,,2030,132242,0,0,5759.23,19836.3,159867.53,INR,BILL-004002-202311,PAID
ACC-CHN-004002,MTR-5501235,Chennai Admin Block,Anna Nagar,Chennai,Tamil Nadu,TANGEDCO,Commercial HT,HT-COM-2,11kV,HT,400,25-Dec-23,27-Jan-24,34,05-02-2024,24-02-2024,3071929,3087982,ACT,16053,kWh,7112,5364,3577,,,,2380,119975.6,0,0,4429.56,17996.34,144781.5,INR,BILL-004002-202312,PAID
ACC-CHN-004002,MTR-5501235,Chennai Admin Block,Anna Nagar,Chennai,Tamil Nadu,TANGEDCO,Commercial HT,HT-COM-2,11kV,HT,400,12-Jan-24,15-Feb-24,35,29-02-2024,19-03-2024,3087982,3107432,ACT,19450,kWh,10425,5980,3045,,,,2450,149681.5,0,0,6929.22,22452.22,181512.94,INR,BILL-004002-202401,PAID
ACC-CHN-004002,MTR-5501235,Chennai Admin Block,Anna Nagar,Chennai,Tamil Nadu,TANGEDCO,Commercial HT,HT-COM-2,11kV,HT,400,16-02-2024,17-Mar-24,31,01-04-2024,16-04-2024,3107432,3123186,ACT,15754,kWh,6715,5571,3468,,,,2170,116716.6,0,0,5756.27,17507.49,142150.36,INR,BILL-004002-202402,PAID
ACC-CHN-004002,MTR-5501235,Chennai Admin Block,Anna Nagar,Chennai,Tamil Nadu,TANGEDCO,Commercial HT,HT-COM-2,11kV,HT,400,18-03-2024,14-04-2024,28,25-04-2024,15-05-2024,3123186,3139397,ACT,16211,kWh,5912,4209,6090,,,,1960,120796.7,0,0,4506.3,18119.5,145382.5,INR,BILL-004002-202403,PAID
ACC-CHN-004002,MTR-5501235,Chennai Admin Block,Anna Nagar,Chennai,Tamil Nadu,TANGEDCO,Commercial HT,HT-COM-2,11kV,HT,400,15-04-2024,19-05-2024,35,28-05-2024,14-06-2024,3139397,3168952,ACT,29555,kWh,14860,11455,3240,,,,2450,221556.5,0,0,5342.19,33233.47,262582.16,INR,BILL-004002-202404,PAID
ACC-CHN-004002,MTR-5501235,Chennai Admin Block,Anna Nagar,Chennai,Tamil Nadu,TANGEDCO,Commercial HT,HT-COM-2,11kV,HT,400,20-05-2024,19-06-2024,31,25-06-2024,11-07-2024,3168952,3195703,ACT,26751,kWh,12657,8173,5921,,,,2170,202761.4,0,0,4842.95,30414.21,240188.56,INR,BILL-004002-202405,PAID
ACC-CHN-004002,MTR-5501235,Chennai Admin Block,Anna Nagar,Chennai,Tamil Nadu,TANGEDCO,Commercial HT,HT-COM-2,11kV,HT,400,20-06-2024,21-Jul-24,32,05-08-2024,22-08-2024,3195703,3222309,ACT,26606,kWh,11046,7367,8193,,,,2240,200026.7,0,0,8181.56,30004.01,240452.27,INR,BILL-004002-202406,PAID
ACC-CHN-004002,MTR-5501235,Chennai Admin Block,Anna Nagar,Chennai,Tamil Nadu,TANGEDCO,Commercial HT,HT-COM-2,11kV,HT,400,22-07-2024,22-08-2024,32,06-09-2024,25-Sep-24,3222309,3246212,ACT,23903,kWh,11398,7036,5469,,,,2240,181796.6,0,0,9062.33,27269.49,220368.42,INR,BILL-004002-202407,PAID
ACC-CHN-004002,MTR-5501235,Chennai Admin Block,Anna Nagar,Chennai,Tamil Nadu,TANGEDCO,Commercial HT,HT-COM-2,11kV,HT,400,23-Aug-24,22-09-2024,31,27-Sep-24,19-10-2024,3246212,3269798,ACT,23586,kWh,11586,6646,5354,,,,2170,180534.4,0,0,5545.36,27080.16,215329.92,INR,BILL-004002-202408,PAID
ACC-CHN-004002,MTR-5501235,Chennai Admin Block,Anna Nagar,Chennai,Tamil Nadu,TANGEDCO,Commercial HT,HT-COM-2,11kV,HT,400,23-09-2024,21-10-2024,29,01-11-2024,27-11-2024,3269798,3287768,EST,17970,kWh,9069,6020,2955,,,,2030,136913.9,0,0,5727.46,20537.08,165208.44,INR,BILL-004002-202409,PAID
ACC-CHN-004002,MTR-5501235,Chennai Admin Block,Anna Nagar,Chennai,Tamil Nadu,TANGEDCO,Commercial HT,HT-COM-2,11kV,HT,400,22-10-2024,18-11-2024,28,26-11-2024,16-12-2024,3287842,3303526,ACT,15684,kWh,5851,6196,3637,,,,1960,113508.5,0,0,6709.05,17026.27,139203.82,INR,BILL-004002-202410,PAID
ACC-CHN-004002,MTR-5501235,Chennai Admin Block,Anna Nagar,Chennai,Tamil Nadu,TANGEDCO,Commercial HT,HT-COM-2,11kV,HT,400,19-11-2024,19-12-2024,31,26-12-2024,22-01-2025,3303526,3323085,EST,19559,kWh,10874,6256,3037,,,,2170,155227.8,0,0,5790.06,23284.17,186472.03,INR,BILL-004002-202411,PAID
ACC-CHN-004002,MTR-5501235,Chennai Admin Block,Anna Nagar,Chennai,Tamil Nadu,TANGEDCO,Commercial HT,HT-COM-2,11kV,HT,400,20-12-2024,17-01-2025,29,28-01-2025,25-Feb-25,3323693,3339062,ACT,15369,kWh,7975,4927,2467,,,,2030,117433.4,0,0,4270.54,17615.01,141348.95,INR,BILL-004002-202412,PAID
ACC-CHN-004002,MTR-5501235,Chennai Admin Block,Anna Nagar,Chennai,Tamil Nadu,TANGEDCO,Commercial HT,HT-COM-2,11kV,HT,400,21-01-2025,23-02-2025,34,08-03-2025,04-04-2025,3339062,3358202,ACT,19140,kWh,9168,4931,5041,,,,2380,146844.5,0,0,7123.66,22026.67,178374.83,INR,BILL-004002-202501,DISPUTED
ACC-CHN-004002,MTR-5501235,Chennai Admin Block,Anna Nagar,Chennai,Tamil Nadu,TANGEDCO,Commercial HT,HT-COM-2,11kV,HT,400,24-02-2025,27-03-2025,32,03-Apr-25,20-04-2025,3358202,3373996,ACT,15794,kWh,6679,4710,4405,,,,2240,118399.9,0,0,5555.89,17759.98,143955.77,INR,BILL-004002-202502,UNPAID
ACC-CHN-004002,MTR-5501235,Chennai Admin Block,Anna Nagar,Chennai,Tamil Nadu,TANGEDCO,Commercial HT,HT-COM-2,11kV,HT,400,28-03-2025,28-04-2025,32,13-05-2025,28-05-2025,3373996,3391440,ACT,17444,kWh,6217,4536,6691,,,,2240,129697.9,0,0,4271.61,19454.68,155664.19,INR,BILL-004002-202503,UNPAID
ACC-CHN-004002,MTR-5501235,Chennai Admin Block,Anna Nagar,Chennai,Tamil Nadu,TANGEDCO,Commercial HT,HT-COM-2,11kV,HT,400,29-04-2025,31-05-2025,33,12-06-2025,27-06-2025,3391440,3418015,ACT,26575,kWh,11568,7126,7881,,,,2310,201205,0,0,9397.39,30180.75,243093.14,INR,BILL-004002-202504,DISPUTED
ACC-CHN-004002,MTR-5501235,Chennai Admin Block,Anna Nagar,Chennai,Tamil Nadu,TANGEDCO,Commercial HT,HT-COM-2,11kV,HT,400,01-06-2025,04-07-2025,34,19-07-2025,15-08-2025,3418015,3446388,ACT,28373,kWh,13270,9405,5698,,,,2380,213510.1,0,0,5354.08,32026.51,253270.69,INR,BILL-004002-202506,UNPAID
ACC-CHN-004002,MTR-5501235,Chennai Admin Block,Anna Nagar,Chennai,Tamil Nadu,TANGEDCO,Commercial HT,HT-COM-2,11kV,HT,400,05-07-2025,02-08-2025,29,17-08-2025,10-09-2025,3446388,3467063,EST,20675,kWh,11008,6880,4254,,,,2030,168641.6,0,0,4594.52,25296.24,200562.36,INR,BILL-004002-202507,DISPUTED
ACC-CHN-004002,MTR-5501235,Chennai Admin Block,Anna Nagar,Chennai,Tamil Nadu,TANGEDCO,Commercial HT,HT-COM-2,11kV,HT,400,03-08-2025,04-09-2025,33,16-Sep-25,09-Oct-25,3468530,3488354,EST,19824,kWh,8649,7547,4854,,,,2310,155163.2,0,0,3359.6,23274.48,184107.28,INR,BILL-004002-202508,PAID
ACC-CHN-004002,MTR-5501235,Chennai Admin Block,Anna Nagar,Chennai,Tamil Nadu,TANGEDCO,Commercial HT,HT-COM-2,11kV,HT,400,05-09-2025,09-10-2025,35,15-10-2025,10-11-2025,3489580,3514588,ACT,25008,kWh,11418,9900,3690,,,,2450,184921.8,0,0,4410.15,27738.27,219520.22,INR,BILL-004002-202509,PAID
ACC-CHN-004002,MTR-5501235,Chennai Admin Block,Anna Nagar,Chennai,Tamil Nadu,TANGEDCO,Commercial HT,HT-COM-2,11kV,HT,400,10-10-2025,10-11-2025,32,17-11-2025,07-12-2025,3514588,3532427,ACT,17839,kWh,8215,6344,3280,,,,2240,133264.5,0,0,7715.44,19989.67,163209.61,INR,BILL-004002-202510,PAID
ACC-CHN-004002,MTR-5501235,Chennai Admin Block,Anna Nagar,Chennai,Tamil Nadu,TANGEDCO,Commercial HT,HT-COM-2,11kV,HT,400,11-11-2025,12-12-2025,32,17-Dec-25,03-01-2026,3532427,3550955,ACT,18528,kWh,9822,4826,3880,,,,2240,143859.2,0,0,3481.62,21578.88,171159.7,INR,BILL-004002-202511,UNPAID
ACC-CHN-004002,MTR-5501235,Chennai Admin Block,Anna Nagar,Chennai,Tamil Nadu,TANGEDCO,Commercial HT,HT-COM-2,11kV,HT,400,13-12-2025,12-01-2026,31,25-01-2026,14-02-2026,3550955,3565671,ACT,14716,kWh,7253,4290,3173,,,,2170,112442.9,0,0,4877.54,16866.43,136356.87,INR,BILL-004002-202512,PAID
ACC-BLR-005001,MTR-8871001,Bangalore IT Campus,Electronics City,Bengaluru,Karnataka,BESCOM,Commercial HT,HT-COM-1,11kV,HT,900,18-01-2023,14-02-2023,28,20-02-2023,14-03-2023,5577379,5655483,ACT,78104,kWh,41860,30411,5833,713.7,kVA,0.901,2380,553611.6,233142,0,15908.8,118013.04,923055.44,INR,BILL-005001-202301,PAID
ACC-BLR-005001,MTR-8871001,Bangalore IT Campus,Electronics City,Bengaluru,Karnataka,BESCOM,Commercial HT,HT-COM-1,11kV,HT,900,15-02-2023,14-03-2023,28,28-03-2023,16-04-2023,5655483,5742282,ACT,86799,kWh,42724,32846,11229,577.8,kVA,,2380,610310.4,188748,0,36986.57,119858.76,958283.73,INR,BILL-005001-202302,PAID
ACC-BLR-005001,MTR-8871001,Bangalore IT Campus,Electronics City,Bengaluru,Karnataka,BESCOM,Commercial HT,HT-COM-1,11kV,HT,900,15-03-2023,18-Apr-23,35,27-04-2023,27-05-2023,5742282,5856970,ACT,114688,kWh,62860,34139,17689,756,kVA,0.863,2975,832118,308700,30788.37,37383.74,171122.7,1383087.81,INR,BILL-005001-202303,PAID
ACC-BLR-005001,MTR-8871001,Bangalore IT Campus,Electronics City,Bengaluru,Karnataka,BESCOM,Commercial HT,HT-COM-1,11kV,HT,900,19-04-2023,19-05-2023,31,25-05-2023,22-Jun-23,5856970,6007060,ACT,150090,kWh,64932,52208,32950,745.7,kVA,,2635,1047463.6,269694.83,0,36163.14,197573.76,1553530.33,INR,BILL-005001-202304,PAID
ACC-BLR-005001,MTR-8871001,Bangalore IT Campus,Electronics City,Bengaluru,Karnataka,BESCOM,Commercial HT,HT-COM-1,11kV,HT,900,20-05-2023,19-06-2023,31,28-06-2023,16-Jul-23,6007060,6136224,ACT,129164,kWh,66999,49392,12773,579.3,kVA,0.92,2635,913186.3,209513.5,0,55831.63,168404.97,1349571.4,INR,BILL-005001-202305,PAID
ACC-BLR-005001,MTR-8871001,Bangalore IT Campus,Electronics City,Bengaluru,Karnataka,BESCOM,Commercial HT,HT-COM-1,11kV,HT,900,20-06-2023,21-07-2023,32,26-07-2023,20-08-2023,6136224,6297390,ACT,161166,kWh,75107,55810,30249,856.2,kVA,0.86,2720,1134314.7,319648,45372.59,51274.26,218094.4,1771423.95,INR,BILL-005001-202306,PAID
ACC-BLR-005001,MTR-8871001,Bangalore IT Campus,Electronics City,Bengaluru,Karnataka,BESCOM,Commercial HT,HT-COM-1,11kV,HT,900,22-07-2023,18-Aug-23,28,02-09-2023,17-Sep-23,6297390,6416865,ACT,119475,kWh,44802,34586,40087,772.7,kVA,0.925,2380,833255.8,252415.33,0,52726.28,162850.67,1303628.08,INR,BILL-005001-202307,PAID
ACC-BLR-005001,MTR-8871001,Bangalore IT Campus,Electronics City,Bengaluru,Karnataka,BESCOM,Commercial HT,HT-COM-1,11kV,HT,900,19-08-2023,18-09-2023,31,29-09-2023,28-Oct-23,6416865,6547716,ACT,130851,kWh,54139,48710,28002,760.5,kVA,0.936,2635,903887.1,275047.5,0,42052.62,176840.19,1400462.41,INR,BILL-005001-202308,PAID
ACC-BLR-005001,MTR-8871001,Bangalore IT Campus,Electronics City,Bengaluru,Karnataka,BESCOM,Commercial HT,HT-COM-1,11kV,HT,900,19-09-2023,23-10-2023,35,29-10-2023,13-11-2023,6547716,6713128,EST,165412,kWh,75397,39746,39067,638.9,kVA,0.877,2975,1113209.3,260884.17,25603.81,28867.21,206114.02,1637653.51,INR,BILL-005001-202309,PAID
ACC-BLR-005001,MTR-8871001,Bangalore IT Campus,Electronics City,Bengaluru,Karnataka,BESCOM,Commercial HT,HT-COM-1,11kV,HT,900,24-10-2023,20-11-2023,28,26-11-2023,24-12-2023,6701926,6796842,ACT,94916,kWh,36593,30864,27459,706.2,kW,0.881,2380,658254.5,230692,12506.84,25990.59,133341.98,1063165.91,INR,BILL-005001-202310,PAID
ACC-BLR-005001,MTR-8871001,Bangalore IT Campus,Electronics City,Bengaluru,Karnataka,BESCOM,Commercial HT,HT-COM-1,11kV,HT,900,21-Nov-23,21-Dec-23,31,28-12-2023,15-01-2024,6796842,6903832,EST,106990,kWh,37924,41656,28160,698.3,kW,,2635,730453.2,252551.83,0,41459.06,147450.75,1174549.84,INR,BILL-005001-202311,PAID
ACC-BLR-005001,MTR-8871001,Bangalore IT Campus,Electronics City,Bengaluru,Karnataka,BESCOM,Commercial HT,HT-COM-1,11kV,HT,900,22-12-2023,19-01-2024,29,24-01-2024,08-02-2024,6904582,6999118,ACT,94536,kWh,35464,24455,34617,497.7,kW,0.905,2465,664005.6,168388.5,0,25426.47,124859.11,985144.68,INR,BILL-005001-202312,PAID
ACC-BLR-005001,MTR-8871001,Bangalore IT Campus,Electronics City,Bengaluru,Karnataka,BESCOM,Commercial HT,HT-COM-1,11kV,HT,900,13-01-2024,14-02-2024,33,24-02-2024,14-03-2024,6999118,7105481,ACT,106363,kWh,48655,29296,28412,778.9,kVA,0.959,2805,759108.3,299876.5,0,23061.61,158847.72,1243699.13,INR,BILL-005001-202401,PAID
ACC-BLR-005001,MTR-8871001,Bangalore IT Campus,Electronics City,Bengaluru,Karnataka,BESCOM,Commercial HT,HT-COM-1,11kV,HT,900,15-02-2024,14-03-2024,29,25-03-2024,11-04-2024,7105481,7183376,ACT,77895,kWh,37338,20639,19918,588.9,kW,0.926,2465,560138.2,199244.5,0,16551.3,113907.4,892306.4,INR,BILL-005001-202402,PAID
ACC-BLR-005001,MTR-8871001,Bangalore IT Campus,Electronics City,Bengaluru,Karnataka,BESCOM,Commercial HT,HT-COM-1,11kV,HT,900,15-03-2024,16-04-2024,33,23-04-2024,15-05-2024,7183376,7291667,ACT,108291,kWh,49690,37170,21431,851.9,kVA,0.949,2805,761379.8,327981.5,0,17715.09,163404.2,1273285.59,INR,BILL-005001-202403,PAID
ACC-BLR-005001,MTR-8871001,Bangalore IT Campus,Electronics City,Bengaluru,Karnataka,BESCOM,Commercial HT,HT-COM-1,11kV,HT,900,17-04-2024,15-05-2024,29,22-05-2024,09-06-2024,7291667,7423387,EST,131720,kWh,47300,49055,30308,666.2,kVA,0.969,2465,863230.4,225397.67,0,21531.97,163294.21,1275919.25,INR,BILL-005001-202404,PAID
ACC-BLR-005001,MTR-8871001,Bangalore IT Campus,Electronics City,Bengaluru,Karnataka,BESCOM,Commercial HT,HT-COM-1,11kV,HT,900,16-May-24,12-06-2024,28,18-Jun-24,12-Jul-24,7418330,7557460,ACT,139130,kWh,48769,37476,52885,618.6,kVA,0.941,2380,969029.7,202076,0,42622.55,175665.85,1391774.1,INR,BILL-005001-202405,PAID
ACC-BLR-005001,MTR-8871001,Bangalore IT Campus,Electronics City,Bengaluru,Karnataka,BESCOM,Commercial HT,HT-COM-1,11kV,HT,900,13-06-2024,17-07-2024,35,26-07-2024,14-08-2024,7557460,7729972,ACT,172512,kWh,94332,54860,23320,808.1,kVA,,2975,1245670,329974.17,0,53241.16,236346.63,1868206.96,INR,BILL-005001-202406,PAID
ACC-BLR-005001,MTR-8871001,Bangalore IT Campus,Electronics City,Bengaluru,Karnataka,BESCOM,Commercial HT,HT-COM-1,11kV,HT,900,18-07-2024,16-08-2024,30,31-08-2024,19-09-2024,7729972,7851335,ACT,121363,kWh,61601,46449,13313,570.1,kVA,,2550,855671.7,199535,0,35465.4,158281,1251503.1,INR,BILL-005001-202407,PAID
ACC-BLR-005001,MTR-8871001,Bangalore IT Campus,Electronics City,Bengaluru,Karnataka,BESCOM,Commercial HT,HT-COM-1,11kV,HT,900,17-08-2024,17-09-2024,32,27-09-2024,24-10-2024,7851335,7988078,EST,136743,kWh,60257,44342,22346,713.5,kVA,,2720,894715.7,266373.33,0,51821.91,174163.35,1389794.29,INR,BILL-005001-202408,PAID
ACC-BLR-005001,MTR-8871001,Bangalore IT Campus,Electronics City,Bengaluru,Karnataka,BESCOM,Commercial HT,HT-COM-1,11kV,HT,900,18-09-2024,15-10-2024,28,23-10-2024,18-11-2024,7978280,8094311,ACT,116031,kWh,41423,45906,28702,588.8,kW,0.942,2380,785980.3,192341.33,0,25957.29,146748.24,1153407.16,INR,BILL-005001-202409,PAID
ACC-BLR-005001,MTR-8871001,Bangalore IT Campus,Electronics City,Bengaluru,Karnataka,BESCOM,Commercial HT,HT-COM-1,11kV,HT,900,16-Oct-24,18-11-2024,34,25-11-2024,12-12-2024,8094311,8206498,ACT,112187,kWh,44674,42646,24867,636.3,kVA,0.936,2890,770583.8,252399,0,45028.61,153447.42,1224348.83,INR,BILL-005001-202410,PAID
ACC-BLR-005001,MTR-8871001,Bangalore IT Campus,Electronics City,Bengaluru,Karnataka,BESCOM,Commercial HT,HT-COM-1,11kV,HT,900,19-11-2024,21-12-2024,33,29-12-2024,15-01-2025,8206498,8319939,EST,113441,kWh,41372,39575,22668,724.4,kVA,0.909,2805,711594.4,278894,0,42991.84,148573.26,1184858.5,INR,BILL-005001-202411,PAID
ACC-BLR-005001,MTR-8871001,Bangalore IT Campus,Electronics City,Bengaluru,Karnataka,BESCOM,Commercial HT,HT-COM-1,11kV,HT,900,22-12-2024,25-01-2025,35,01-Feb-25,27-02-2025,8310113,8405683,ACT,95570,kWh,40370,32278,22922,863.3,kVA,,2975,666860.2,352514.17,0,38208.76,152906.16,1213464.29,INR,BILL-005001-202412,PAID
ACC-BLR-005001,MTR-8871001,Bangalore IT Campus,Electronics City,Bengaluru,Karnataka,BESCOM,Commercial HT,HT-COM-1,11kV,HT,900,21-01-2025,21-02-2025,32,05-03-2025,02-04-2025,8405683,8489965,EST,84282,kWh,45089,22651,16298,581.5,kVA,0.886,2720,611868.1,217093.33,8566.15,26740.59,124344.21,991332.38,INR,BILL-005001-202501,DISPUTED
ACC-BLR-005001,MTR-8871001,Bangalore IT Campus,Electronics City,Bengaluru,Karnataka,BESCOM,Commercial HT,HT-COM-1,11kV,HT,900,22-Feb-25,26-03-2025,33,02-04-2025,21-04-2025,8489721,8592143,ACT,102422,kWh,39276,33344,29802,551.2,kVA,0.929,2805,709888.4,212212,0,22505.94,138315.06,1085726.4,INR,BILL-005001-202502,UNPAID
ACC-BLR-005001,MTR-8871001,Bangalore IT Campus,Electronics City,Bengaluru,Karnataka,BESCOM,Commercial HT,HT-COM-1,11kV,HT,900,27-03-2025,24-Apr-25,29,07-05-2025,24-05-2025,8592143,8681821,ACT,89678,kWh,49282,27069,13327,655.1,kVA,,2465,650279.4,221642.17,0,26167.93,130788.24,1031342.74,INR,BILL-005001-202503,PAID
ACC-BLR-005001,MTR-8871001,Bangalore IT Campus,Electronics City,Bengaluru,Karnataka,BESCOM,Commercial HT,HT-COM-1,11kV,HT,900,25-04-2025,24-05-2025,30,06-06-2025,03-07-2025,8681821,8808442,ACT,126621,kWh,49357,40296,36968,495.9,kW,0.965,2550,880456.1,173565,0,43828.1,158103.17,1258502.37,INR,BILL-005001-202504,DISPUTED
ACC-BLR-005001,MTR-8871001,Bangalore IT Campus,Electronics City,Bengaluru,Karnataka,BESCOM,Commercial HT,HT-COM-1,11kV,HT,900,25-May-25,27-06-2025,34,10-07-2025,01-08-2025,8808442,8954428,ACT,145986,kWh,72435,48734,24817,774,kW,0.889,2890,1037869.9,307020,11416.57,34664.82,201733.48,1595594.77,INR,BILL-005001-202505,PAID
ACC-BLR-005001,MTR-8871001,Bangalore IT Campus,Electronics City,Bengaluru,Karnataka,BESCOM,Commercial HT,HT-COM-1,11kV,HT,900,28-06-2025,30-07-2025,33,14-08-2025,13-09-2025,8954428,9107286,ACT,152858,kWh,60203,42685,49970,769.3,kVA,0.942,2805,1073483.5,296180.5,0,62245.5,205449.6,1640164.1,INR,BILL-005001-202506,DISPUTED
ACC-BLR-005001,MTR-8871001,Bangalore IT Campus,Electronics City,Bengaluru,Karnataka,BESCOM,Commercial HT,HT-COM-1,11kV,HT,900,31-07-2025,31-08-2025,32,13-09-2025,05-10-2025,9107286,9242232,EST,134946,kWh,46970,37425,40517,824.5,kVA,,2720,869370.6,307813.33,0,55654.55,176577.59,1412136.07,INR,BILL-005001-202507,PAID
ACC-BLR-005001,MTR-8871001,Bangalore IT Campus,Electronics City,Bengaluru,Karnataka,BESCOM,Commercial HT,HT-COM-1,11kV,HT,900,01-09-2025,03-10-2025,33,13-10-2025,05-Nov-25,9232198,9370908,ACT,138710,kWh,56054,46657,35999,578.5,kVA,0.901,2805,963868.6,222722.5,0,39355.24,177988.67,1406740.01,INR,BILL-005001-202509,UNPAID
ACC-BLR-005001,MTR-8871001,Bangalore IT Campus,Electronics City,Bengaluru,Karnataka,BESCOM,Commercial HT,HT-COM-1,11kV,HT,900,04-10-2025,07-11-2025,35,13-11-2025,09-12-2025,9370908,9491546,ACT,120638,kWh,56106,34476,30056,519.5,kW,0.965,2975,860557,212129.17,0,43484.56,160902.93,1280048.66,INR,BILL-005001-202510,DISPUTED
ACC-BLR-005001,MTR-8871001,Bangalore IT Campus,Electronics City,Bengaluru,Karnataka,BESCOM,Commercial HT,HT-COM-1,11kV,HT,900,08-11-2025,05-12-2025,28,13-12-2025,28-12-2025,9491546,9582058,EST,90512,kWh,44232,37489,12501,673.7,kVA,0.868,2380,655921.6,220075.33,20989.49,15499.09,131399.54,1046265.05,INR,BILL-005001-202511,UNPAID
ACC-BLR-005001,MTR-8871001,Bangalore IT Campus,Electronics City,Bengaluru,Karnataka,BESCOM,Commercial HT,HT-COM-1,11kV,HT,900,06-12-2025,06-01-2026,32,19-01-2026,17-02-2026,9585768,9676035,ACT,90267,kWh,45600,29257,15410,802.9,kVA,0.87,2720,644524.4,299749.33,19335.73,33905.87,141641.06,1141876.39,INR,BILL-005001-202512,DISPUTED
ACC-HYD-006001,MTR-6631001,Hyderabad Plant,Patancheru,Hyderabad,Telangana,TSSPDCL,Industrial HT,HT-IND-1,33kV,HT,2200,16-01-2023,16-02-2023,32,01-03-2023,29-03-2023,8942073,9401323,ACT,459250,kWh,,,,1464,kVA,0.95,3520,3582150,484096,0,80330.85,609936.9,4760033.75,INR,BILL-006001-202301,PAID
ACC-HYD-006001,MTR-6631001,Hyderabad Plant,Patancheru,Hyderabad,Telangana,TSSPDCL,Industrial HT,HT-IND-1,33kV,HT,2200,17-02-2023,20-Mar-23,32,01-04-2023,30-Apr-23,9401323,9857814,EST,456491,kWh,,,,1488.7,kVA,0.922,3520,3560629.8,492263.47,0,137313.86,607933.99,4801661.12,INR,BILL-006001-202302,PAID
ACC-HYD-006001,MTR-6631001,Hyderabad Plant,Patancheru,Hyderabad,Telangana,TSSPDCL,Industrial HT,HT-IND-1,33kV,HT,2200,21-03-2023,19-04-2023,30,03-05-2023,22-05-2023,9858601,10382639,ACT,524038,kWh,,,,1646.1,kVA,0.94,3300,4087496.4,510291,0,201487.99,689668.11,5492243.5,INR,BILL-006001-202303,PAID
ACC-HYD-006001,MTR-6631001,Hyderabad Plant,Patancheru,Hyderabad,Telangana,TSSPDCL,Industrial HT,HT-IND-1,33kV,HT,2200,20-04-2023,23-05-2023,34,28-05-2023,23-06-2023,10382639,11084890,EST,702251,kWh,,,,1932.3,kVA,,3740,5477557.8,678881.4,0,168990.95,923465.88,7252636.03,INR,BILL-006001-202304,PAID
ACC-HYD-006001,MTR-6631001,Hyderabad Plant,Patancheru,Hyderabad,Telangana,TSSPDCL,Industrial HT,HT-IND-1,33kV,HT,2200,24-05-2023,20-06-2023,28,26-06-2023,26-07-2023,11142571,11849676,ACT,707105,kWh,,,,1948.3,kVA,0.935,3080,5515419,563708.13,0,205272.94,911869.07,7199349.14,INR,BILL-006001-202305,PAID
ACC-HYD-006001,MTR-6631001,Hyderabad Plant,Patancheru,Hyderabad,Telangana,TSSPDCL,Industrial HT,HT-IND-1,33kV,HT,2200,21-06-2023,20-07-2023,30,02-Aug-23,31-08-2023,11849676,12530242,EST,680566,kWh,,,,2151.6,kVA,0.964,3300,5308414.8,666996,0,136708.89,896311.62,7011731.31,INR,BILL-006001-202306,PAID
ACC-HYD-006001,MTR-6631001,Hyderabad Plant,Patancheru,Hyderabad,Telangana,TSSPDCL,Industrial HT,HT-IND-1,33kV,HT,2200,21-07-2023,24-08-2023,35,05-09-2023,27-09-2023,12491776,13170616,EST,678840,kWh,,,,1968.2,kVA,0.866,3850,5294952,711832.33,180028.37,180439.14,901017.65,7272119.49,INR,BILL-006001-202307,PAID
ACC-HYD-006001,MTR-6631001,Hyderabad Plant,Patancheru,Hyderabad,Telangana,TSSPDCL,Industrial HT,HT-IND-1,33kV,HT,2200,25-Aug-23,24-09-2023,31,30-09-2023,21-10-2023,13162592,13814225,ACT,651633,kWh,,,,1395.2,kVA,0.863,3410,5082737.4,446929.07,188061.28,191580.73,829449.97,6742168.45,INR,BILL-006001-202308,PAID
ACC-HYD-006001,MTR-6631001,Hyderabad Plant,Patancheru,Hyderabad,Telangana,TSSPDCL,Industrial HT,HT-IND-1,33kV,HT,2200,25-09-2023,24-10-2023,30,31-10-2023,24-11-2023,13814225,14453546,EST,639321,kWh,,,,1610.5,kVA,0.909,3300,4986703.8,499255,0,277183.19,822893.82,6589335.81,INR,BILL-006001-202309,PAID
ACC-HYD-006001,MTR-6631001,Hyderabad Plant,Patancheru,Hyderabad,Telangana,TSSPDCL,Industrial HT,HT-IND-1,33kV,HT,2200,25-10-2023,23-11-2023,30,06-12-2023,30-12-2023,14471653,15020764,ACT,549111,kWh,,,,2079.6,kVA,0.96,3300,4283065.8,644676,0,157652.97,739161.27,5827856.04,INR,BILL-006001-202310,PAID
ACC-HYD-006001,MTR-6631001,Hyderabad Plant,Patancheru,Hyderabad,Telangana,TSSPDCL,Industrial HT,HT-IND-1,33kV,HT,2200,24-Nov-23,23-12-2023,30,06-01-2024,05-02-2024,15020764,15582087,EST,561323,kWh,,,,1884.2,kVA,0.869,3300,4378319.4,584102,135727.9,116814.54,744363.21,5962627.05,INR,BILL-006001-202311,PAID
ACC-HYD-006001,MTR-6631001,Hyderabad Plant,Patancheru,Hyderabad,Telangana,TSSPDCL,Industrial HT,HT-IND-1,33kV,HT,2200,24-12-2023,22-Jan-24,30,02-Feb-24,25-02-2024,15545352,15956254,EST,410902,kWh,,,,1870.7,kW,0.92,3300,3205035.6,579917,0,100365.11,567742.89,4456360.6,INR,BILL-006001-202312,PAID
ACC-HYD-006001,MTR-6631001,Hyderabad Plant,Patancheru,Hyderabad,Telangana,TSSPDCL,Industrial HT,HT-IND-1,33kV,HT,2200,15-Jan-24,13-02-2024,30,19-02-2024,11-03-2024,15984073,16482124,ACT,498051,kWh,,,,1832.7,kVA,,3300,3884797.8,568137,0,216199.36,667940.22,5340374.38,INR,BILL-006001-202401,PAID
ACC-HYD-006001,MTR-6631001,Hyderabad Plant,Patancheru,Hyderabad,Telangana,TSSPDCL,Industrial HT,HT-IND-1,33kV,HT,2200,14-02-2024,18-03-2024,34,30-03-2024,16-04-2024,16482124,16942301,ACT,460177,kWh,,,,1534.5,kVA,0.963,3740,3589380.6,539121,0,101724.09,619275.24,4853240.93,INR,BILL-006001-202402,PAID
ACC-HYD-006001,MTR-6631001,Hyderabad Plant,Patancheru,Hyderabad,Telangana,TSSPDCL,Industrial HT,HT-IND-1,33kV,HT,2200,19-03-2024,19-04-2024,32,28-04-2024,23-May-24,16942301,17421591,EST,479290,kWh,,,,1553.5,kVA,,3520,3738462,513690.67,0,195622.12,637822.9,5089117.69,INR,BILL-006001-202403,PAID
ACC-HYD-006001,MTR-6631001,Hyderabad Plant,Patancheru,Hyderabad,Telangana,TSSPDCL,Industrial HT,HT-IND-1,33kV,HT,2200,20-04-2024,19-05-2024,30,01-06-2024,17-06-2024,17452456,18256774,ACT,804318,kWh,,,,1890.7,kVA,0.929,3300,6273680.4,586117,0,179395.05,1028969.61,8071462.06,INR,BILL-006001-202404,PAID
ACC-HYD-006001,MTR-6631001,Hyderabad Plant,Patancheru,Hyderabad,Telangana,TSSPDCL,Industrial HT,HT-IND-1,33kV,HT,2200,20-05-2024,21-06-2024,33,05-07-2024,03-08-2024,18256774,19032613,ACT,775839,kWh,,,,1779.8,kVA,0.858,3630,6051544.2,606911.8,254164.86,184663.1,998768.4,8099682.36,INR,BILL-006001-202405,PAID
ACC-HYD-006001,MTR-6631001,Hyderabad Plant,Patancheru,Hyderabad,Telangana,TSSPDCL,Industrial HT,HT-IND-1,33kV,HT,2200,22-06-2024,20-07-2024,29,28-07-2024,17-08-2024,19032613,19756294,ACT,723681,kWh,,,,1409.7,kVA,0.933,3190,5644711.8,422440.1,0,230850.13,910072.78,7211264.81,INR,BILL-006001-202406,PAID
ACC-HYD-006001,MTR-6631001,Hyderabad Plant,Patancheru,Hyderabad,Telangana,TSSPDCL,Industrial HT,HT-IND-1,33kV,HT,2200,21-07-2024,17-08-2024,28,25-08-2024,22-09-2024,19756294,20398949,ACT,642655,kWh,,,,1941.3,kVA,0.869,3080,5012709,561682.8,155393.98,238405.92,836158.77,6807430.47,INR,BILL-006001-202407,PAID
ACC-HYD-006001,MTR-6631001,Hyderabad Plant,Patancheru,Hyderabad,Telangana,TSSPDCL,Industrial HT,HT-IND-1,33kV,HT,2200,18-Aug-24,14-09-2024,28,26-09-2024,11-10-2024,20398949,20979276,ACT,580327,kWh,,,,2005.8,kVA,0.975,3080,4526550.6,580344.8,0,99877.68,766034.31,5975887.39,INR,BILL-006001-202408,PAID
ACC-HYD-006001,MTR-6631001,Hyderabad Plant,Patancheru,Hyderabad,Telangana,TSSPDCL,Industrial HT,HT-IND-1,33kV,HT,2200,15-09-2024,16-10-2024,32,25-Oct-24,21-11-2024,20979276,21648123,ACT,668847,kWh,,,,1812.9,kW,,3520,5217006.6,599465.6,0,299197.51,872470.83,6991660.54,INR,BILL-006001-202409,PAID
ACC-HYD-006001,MTR-6631001,Hyderabad Plant,Patancheru,Hyderabad,Telangana,TSSPDCL,Industrial HT,HT-IND-1,33kV,HT,2200,17-Oct-24,17-11-2024,32,26-11-2024,22-12-2024,21648123,22159520,ACT,511397,kWh,,,,1670.8,kVA,0.98,3520,3988896.6,552477.87,0,165636.46,681206.17,5391737.1,INR,BILL-006001-202410,PAID
ACC-HYD-006001,MTR-6631001,Hyderabad Plant,Patancheru,Hyderabad,Telangana,TSSPDCL,Industrial HT,HT-IND-1,33kV,HT,2200,18-11-2024,21-Dec-24,34,05-01-2025,26-Jan-25,22159520,22714040,ACT,554520,kWh,,,,1995.6,kVA,0.923,3740,4325256,701120.8,0,209901.88,753956.52,5993975.2,INR,BILL-006001-202411,PAID
ACC-HYD-006001,MTR-6631001,Hyderabad Plant,Patancheru,Hyderabad,Telangana,TSSPDCL,Industrial HT,HT-IND-1,33kV,HT,2200,22-12-2024,19-01-2025,29,25-01-2025,15-Feb-25,22714040,23180203,EST,466163,kWh,,,,2111.9,kVA,0.888,3190,3636071.4,632866.03,43632.86,86487.32,640340.61,5042588.22,INR,BILL-006001-202412,PAID
ACC-HYD-006001,MTR-6631001,Hyderabad Plant,Patancheru,Hyderabad,Telangana,TSSPDCL,Industrial HT,HT-IND-1,33kV,HT,2200,21-Jan-25,18-02-2025,29,01-03-2025,23-03-2025,23177027,23597673,ACT,420646,kWh,,,,1650.7,kVA,0.898,3190,3281038.8,494659.77,6562.08,176878.65,566354.79,4528684.09,INR,BILL-006001-202501,PAID
ACC-HYD-006001,MTR-6631001,Hyderabad Plant,Patancheru,Hyderabad,Telangana,TSSPDCL,Industrial HT,HT-IND-1,33kV,HT,2200,19-Feb-25,21-Mar-25,31,03-04-2025,02-05-2025,23597673,24051219,ACT,453546,kWh,,,,1427.4,kVA,0.914,3410,3537658.8,457243.8,0,82365.69,599235.39,4679913.68,INR,BILL-006001-202502,DISPUTED
ACC-HYD-006001,MTR-6631001,Hyderabad Plant,Patancheru,Hyderabad,Telangana,TSSPDCL,Industrial HT,HT-IND-1,33kV,HT,2200,22-03-2025,25-04-2025,35,01-05-2025,21-05-2025,24051219,24633599,ACT,582380,kWh,,,,1489.1,kW,,3850,4542564,538557.83,0,212871.36,762168.27,6060011.46,INR,BILL-006001-202503,PAID
ACC-HYD-006001,MTR-6631001,Hyderabad Plant,Patancheru,Hyderabad,Telangana,TSSPDCL,Industrial HT,HT-IND-1,33kV,HT,2200,26-04-2025,26-05-2025,31,06-Jun-25,02-Jul-25,24633599,25410864,ACT,777265,kWh,,,,1575.9,kVA,0.854,3410,6062667,504813.3,278882.68,260075.26,985122.04,8094970.28,INR,BILL-006001-202504,UNPAID
ACC-HYD-006001,MTR-6631001,Hyderabad Plant,Patancheru,Hyderabad,Telangana,TSSPDCL,Industrial HT,HT-IND-1,33kV,HT,2200,27-05-2025,24-06-2025,29,04-07-2025,28-07-2025,25410864,26194588,ACT,783724,kWh,,,,1802.4,kW,0.959,3190,6113047.2,540119.2,0,173849.71,997974.96,7828181.07,INR,BILL-006001-202505,PAID
ACC-HYD-006001,MTR-6631001,Hyderabad Plant,Patancheru,Hyderabad,Telangana,TSSPDCL,Industrial HT,HT-IND-1,33kV,HT,2200,25-Jun-25,22-07-2025,28,02-08-2025,23-08-2025,26194588,26884295,ACT,689707,kWh,,,,1981.4,kVA,0.925,3080,5379714.6,573285.07,0,219543.98,892949.95,7068573.6,INR,BILL-006001-202506,UNPAID
ACC-HYD-006001,MTR-6631001,Hyderabad Plant,Patancheru,Hyderabad,Telangana,TSSPDCL,Industrial HT,HT-IND-1,33kV,HT,2200,23-07-2025,19-Aug-25,28,01-Sep-25,16-09-2025,26884295,27522271,ACT,637976,kWh,,,,2066.8,kVA,0.88,3080,4976212.8,597994.13,99524.26,278278.94,836131.04,6791221.17,INR,BILL-006001-202507,UNPAID
ACC-HYD-006001,MTR-6631001,Hyderabad Plant,Patancheru,Hyderabad,Telangana,TSSPDCL,Industrial HT,HT-IND-1,33kV,HT,2200,20-Aug-25,19-09-2025,31,02-10-2025,20-10-2025,27522271,28156577,EST,634306,kWh,,,,1910.2,kVA,0.923,3410,4947586.8,611900.73,0,138504.74,833923.13,6535325.4,INR,BILL-006001-202508,PAID
ACC-HYD-006001,MTR-6631001,Hyderabad Plant,Patancheru,Hyderabad,Telangana,TSSPDCL,Industrial HT,HT-IND-1,33kV,HT,2200,20-09-2025,24-Oct-25,35,02-11-2025,21-11-2025,28144591,28810600,ACT,666009,kWh,,,,1991.3,kVA,0.872,3850,5194870.2,720186.83,145456.37,186060.84,887258.55,7137682.79,INR,BILL-006001-202509,UNPAID
ACC-HYD-006001,MTR-6631001,Hyderabad Plant,Patancheru,Hyderabad,Telangana,TSSPDCL,Industrial HT,HT-IND-1,33kV,HT,2200,25-10-2025,25-11-2025,32,09-12-2025,28-12-2025,28810600,29409939,ACT,599339,kWh,,,,1426.6,kW,0.856,3520,4674844.2,471729.07,205693.14,241331.24,771985.99,6369103.64,INR,BILL-006001-202510,UNPAID
ACC-HYD-006001,MTR-6631001,Hyderabad Plant,Patancheru,Hyderabad,Telangana,TSSPDCL,Industrial HT,HT-IND-1,33kV,HT,2200,26-11-2025,25-12-2025,30,02-Jan-26,25-01-2026,29409939,29990837,ACT,580898,kWh,,,,1738.6,kVA,0.925,3300,4531004.4,538966,0,108600.46,760495.56,5942366.42,INR,BILL-006001-202511,PAID
ACC-HYD-006001,MTR-6631001,Hyderabad Plant,Patancheru,Hyderabad,Telangana,TSSPDCL,Industrial HT,HT-IND-1,33kV,HT,2200,26-Dec-25,28-01-2026,34,09-02-2026,02-Mar-26,29990837,30463782,ACT,472945,kWh,,,,1902,kVA,0.969,3740,3688971,668236,0,141402.78,653581.05,5155930.83,INR,BILL-006001-202512,DISPUTED
ACC-PUN-007001,MTR-9921001,Pune Manufacturing,Chinchwad,Pune,Maharashtra,MSEDCL,Industrial HT,HT-IND-2,11kV,HT,1600,12-Jan-23,09-02-2023,29,17-Feb-23,19-03-2023,3328953,3643784,ACT,314831,kWh,155885,124803,34143,1415.5,kVA,0.93,3480,2042232.5,396811.83,0,136733.75,365856.65,2945114.73,INR,BILL-007001-202301,PAID
ACC-PUN-007001,MTR-9921001,Pune Manufacturing,Chinchwad,Pune,Maharashtra,MSEDCL,Industrial HT,HT-IND-2,11kV,HT,1600,10-02-2023,11-03-2023,30,26-Mar-23,19-04-2023,3643784,3967916,EST,324132,kWh,160043,88846,88075,1011.7,kVA,0.891,3600,2236865.5,293393,20131.79,104854.1,379538.77,3038383.16,INR,BILL-007001-202302,PAID
ACC-PUN-007001,MTR-9921001,Pune Manufacturing,Chinchwad,Pune,Maharashtra,MSEDCL,Industrial HT,HT-IND-2,11kV,HT,1600,12-03-2023,11-04-2023,31,25-Apr-23,17-05-2023,3980748,4376619,ACT,395871,kWh,197450,112594,85827,1097.5,kVA,0.941,3720,2632433.6,328884.17,0,98569.91,444197.67,3507805.35,INR,BILL-007001-202303,PAID
ACC-PUN-007001,MTR-9921001,Pune Manufacturing,Chinchwad,Pune,Maharashtra,MSEDCL,Industrial HT,HT-IND-2,11kV,HT,1600,12-04-2023,11-05-2023,30,22-05-2023,10-06-2023,4376619,4888275,EST,511656,kWh,270367,208512,80098,982.7,kVA,0.931,3600,3633364.5,284983,0,86630.15,587752.12,4596329.77,INR,BILL-007001-202304,PAID
ACC-PUN-007001,MTR-9921001,Pune Manufacturing,Chinchwad,Pune,Maharashtra,MSEDCL,Industrial HT,HT-IND-2,11kV,HT,1600,12-05-2023,13-06-2023,33,18-06-2023,14-07-2023,4935596,5642018,EST,706422,kWh,258507,193725,217301,1508.9,kVA,0.925,3960,4319351.5,481339.1,0,121840.76,720103.59,5646594.95,INR,BILL-007001-202305,PAID
ACC-PUN-007001,MTR-9921001,Pune Manufacturing,Chinchwad,Pune,Maharashtra,MSEDCL,Industrial HT,HT-IND-2,11kV,HT,1600,14-Jun-23,17-07-2023,34,25-07-2023,09-08-2023,5605129,6220309,ACT,615180,kWh,219184,168752,227244,975.5,kVA,0.951,4080,3950476,320614.33,0,101409.49,640663.55,5017243.37,INR,BILL-007001-202306,PAID
ACC-PUN-007001,MTR-9921001,Pune Manufacturing,Chinchwad,Pune,Maharashtra,MSEDCL,Industrial HT,HT-IND-2,11kV,HT,1600,18-07-2023,19-08-2023,33,25-08-2023,10-09-2023,6220309,6778481,ACT,558172,kWh,274542,179781,103849,1035.3,kVA,0.973,3960,3675694.4,330260.7,0,132164.97,600893.27,4742973.34,INR,BILL-007001-202307,PAID
ACC-PUN-007001,MTR-9921001,Pune Manufacturing,Chinchwad,Pune,Maharashtra,MSEDCL,Industrial HT,HT-IND-2,11kV,HT,1600,20-08-2023,18-09-2023,30,28-09-2023,21-10-2023,6778481,7282906,ACT,504425,kWh,200101,197892,106432,1022.1,kVA,0.879,3600,3190557.9,296409,67001.72,201732.86,523045.03,4282346.51,INR,BILL-007001-202308,PAID
ACC-PUN-007001,MTR-9921001,Pune Manufacturing,Chinchwad,Pune,Maharashtra,MSEDCL,Industrial HT,HT-IND-2,11kV,HT,1600,19-09-2023,22-10-2023,34,05-11-2023,29-11-2023,7282906,7770441,ACT,487535,kWh,177659,174779,135097,1002.6,kVA,,4080,3080046.7,329521.2,0,87970.68,511435.19,4013053.77,INR,BILL-007001-202309,PAID
ACC-PUN-007001,MTR-9921001,Pune Manufacturing,Chinchwad,Pune,Maharashtra,MSEDCL,Industrial HT,HT-IND-2,11kV,HT,1600,23-10-2023,26-11-2023,35,05-Dec-23,04-01-2024,7770441,8249482,ACT,479041,kWh,230475,164202,84364,1244.9,kVA,0.901,4200,3131978.9,421191.17,0,110313.04,532975.51,4200658.62,INR,BILL-007001-202310,PAID
ACC-PUN-007001,MTR-9921001,Pune Manufacturing,Chinchwad,Pune,Maharashtra,MSEDCL,Industrial HT,HT-IND-2,11kV,HT,1600,27-11-2023,27-Dec-23,31,11-01-2024,08-02-2024,8249482,8639946,ACT,390464,kWh,200409,135689,54366,1507.4,kVA,0.939,3720,2571607.5,451717.53,0,134538.21,453498.75,3615081.99,INR,BILL-007001-202311,PAID
ACC-PUN-007001,MTR-9921001,Pune Manufacturing,Chinchwad,Pune,Maharashtra,MSEDCL,Industrial HT,HT-IND-2,11kV,HT,1600,28-12-2023,31-01-2024,35,15-02-2024,04-03-2024,8639946,9090030,ACT,450084,kWh,186632,160106,103346,1100.9,kW,,4200,2883646.8,372471.17,0,179074.41,488417.7,3927810.08,INR,BILL-007001-202312,PAID
ACC-PUN-007001,MTR-9921001,Pune Manufacturing,Chinchwad,Pune,Maharashtra,MSEDCL,Industrial HT,HT-IND-2,11kV,HT,1600,22-01-2024,22-02-2024,32,27-02-2024,18-03-2024,9090030,9433210,ACT,343180,kWh,131269,123482,88429,1069.4,kW,0.868,3840,2177998.5,330801.07,69695.95,152301.61,376319.94,3110957.07,INR,BILL-007001-202401,PAID
ACC-PUN-007001,MTR-9921001,Pune Manufacturing,Chinchwad,Pune,Maharashtra,MSEDCL,Industrial HT,HT-IND-2,11kV,HT,1600,23-02-2024,28-03-2024,35,02-04-2024,24-04-2024,9433210,9860427,ACT,427217,kWh,153479,107936,165802,1387.9,kVA,0.953,4200,2758549.3,469572.83,0,138327.01,484218.32,3854867.46,INR,BILL-007001-202402,PAID
ACC-PUN-007001,MTR-9921001,Pune Manufacturing,Chinchwad,Pune,Maharashtra,MSEDCL,Industrial HT,HT-IND-2,11kV,HT,1600,29-03-2024,28-Apr-24,31,09-05-2024,07-06-2024,9860427,10264765,ACT,404338,kWh,165112,113253,125973,1285.7,kW,0.965,3720,2629031.8,385281.43,0,148777.53,452146.98,3618957.74,INR,BILL-007001-202403,PAID
ACC-PUN-007001,MTR-9921001,Pune Manufacturing,Chinchwad,Pune,Maharashtra,MSEDCL,Industrial HT,HT-IND-2,11kV,HT,1600,29-Apr-24,26-05-2024,28,02-06-2024,01-Jul-24,10264765,10802015,EST,537250,kWh,312821,154594,114565,1396.4,kVA,,3360,3923640.1,377958.93,0,114475.2,645239.85,5064674.08,INR,BILL-007001-202404,PAID
ACC-PUN-007001,MTR-9921001,Pune Manufacturing,Chinchwad,Pune,Maharashtra,MSEDCL,Industrial HT,HT-IND-2,11kV,HT,1600,27-05-2024,29-06-2024,34,13-07-2024,31-07-2024,10846745,11508971,ACT,662226,kWh,339285,241796,81145,1434.4,kVA,0.884,4080,4344071.3,471439.47,69505.14,151294.38,722326.62,5762716.91,INR,BILL-007001-202405,PAID
ACC-PUN-007001,MTR-9921001,Pune Manufacturing,Chinchwad,Pune,Maharashtra,MSEDCL,Industrial HT,HT-IND-2,11kV,HT,1600,30-06-2024,30-07-2024,31,08-08-2024,05-09-2024,11508971,12044108,ACT,535137,kWh,270142,164768,100227,1207.2,kVA,0.962,3720,3546415.6,361757.6,0,210023.95,586225.98,4708143.13,INR,BILL-007001-202406,PAID
ACC-PUN-007001,MTR-9921001,Pune Manufacturing,Chinchwad,Pune,Maharashtra,MSEDCL,Industrial HT,HT-IND-2,11kV,HT,1600,31-07-2024,30-08-2024,31,14-09-2024,09-Oct-24,12044108,12500605,ACT,456497,kWh,185964,161508,109025,1551.2,kVA,0.886,3720,2920309,464842.93,40884.33,194555.68,507772.79,4132084.73,INR,BILL-007001-202407,PAID
ACC-PUN-007001,MTR-9921001,Pune Manufacturing,Chinchwad,Pune,Maharashtra,MSEDCL,Industrial HT,HT-IND-2,11kV,HT,1600,31-08-2024,01-10-2024,32,07-10-2024,28-10-2024,12500605,12978241,ACT,477636,kWh,212687,159539,105410,1266.3,kW,,3840,3099556.5,391708.8,0,148414.81,523689.79,4167209.9,INR,BILL-007001-202408,PAID
ACC-PUN-007001,MTR-9921001,Pune Manufacturing,Chinchwad,Pune,Maharashtra,MSEDCL,Industrial HT,HT-IND-2,11kV,HT,1600,02-10-2024,05-11-2024,35,19-11-2024,13-12-2024,12978241,13495326,ACT,517085,kWh,186441,134641,196003,1391.2,kVA,0.912,4200,3334379.3,470689.33,0,116077.4,570760.29,4496106.32,INR,BILL-007001-202410,PAID
ACC-PUN-007001,MTR-9921001,Pune Manufacturing,Chinchwad,Pune,Maharashtra,MSEDCL,Industrial HT,HT-IND-2,11kV,HT,1600,06-11-2024,07-Dec-24,32,13-12-2024,08-01-2025,13495326,13917966,ACT,422640,kWh,214328,121383,86929,1052.8,kVA,0.882,3840,2814789.4,325666.13,50666.21,139250.65,471068.33,3805280.72,INR,BILL-007001-202411,PAID
ACC-PUN-007001,MTR-9921001,Pune Manufacturing,Chinchwad,Pune,Maharashtra,MSEDCL,Industrial HT,HT-IND-2,11kV,HT,1600,08-Dec-24,11-01-2025,35,25-01-2025,14-02-2025,13917966,14380403,EST,462437,kWh,199193,159016,75005,1241.2,kVA,0.877,4200,2801932.5,419939.33,64444.45,163304.22,483280.77,3937101.27,INR,BILL-007001-202412,PAID
ACC-PUN-007001,MTR-9921001,Pune Manufacturing,Chinchwad,Pune,Maharashtra,MSEDCL,Industrial HT,HT-IND-2,11kV,HT,1600,20-01-2025,23-Feb-25,35,01-03-2025,29-03-2025,14351180,14815762,ACT,464582,kWh,177623,132735,154224,1130.8,kVA,0.946,4200,2996538.5,382587.33,0,192681.97,506868.87,4082876.67,INR,BILL-007001-202501,PAID
ACC-PUN-007001,MTR-9921001,Pune Manufacturing,Chinchwad,Pune,Maharashtra,MSEDCL,Industrial HT,HT-IND-2,11kV,HT,1600,24-02-2025,27-03-2025,32,08-04-2025,04-05-2025,14815762,15230493,ACT,414731,kWh,220863,107689,86179,1305.9,kVA,0.895,3840,2796034.7,403958.4,13980.17,75617.72,479998.96,3773429.95,INR,BILL-007001-202502,PAID
ACC-PUN-007001,MTR-9921001,Pune Manufacturing,Chinchwad,Pune,Maharashtra,MSEDCL,Industrial HT,HT-IND-2,11kV,HT,1600,28-03-2025,26-Apr-25,30,02-05-2025,25-05-2025,15230493,15611641,ACT,381148,kWh,186368,150941,43839,1071.4,kW,0.97,3600,2468625.8,310706,0,59485.66,416899.77,3259317.23,INR,BILL-007001-202503,PAID
ACC-PUN-007001,MTR-9921001,Pune Manufacturing,Chinchwad,Pune,Maharashtra,MSEDCL,Industrial HT,HT-IND-2,11kV,HT,1600,27-04-2025,25-05-2025,29,04-06-2025,29-06-2025,15611641,16108932,ACT,497291,kWh,245841,130476,120974,1344.4,kVA,0.951,3480,3318467.5,376880.13,0,137077.7,554302.14,4390207.47,INR,BILL-007001-202504,UNPAID
ACC-PUN-007001,MTR-9921001,Pune Manufacturing,Chinchwad,Pune,Maharashtra,MSEDCL,Industrial HT,HT-IND-2,11kV,HT,1600,26-05-2025,25-06-2025,31,07-07-2025,24-07-2025,16108932,16665686,EST,556754,kWh,230179,212317,134343,1144.1,kVA,,3720,3670462.3,342848.63,0,239049.95,601996.64,4858077.52,INR,BILL-007001-202505,PAID
ACC-PUN-007001,MTR-9921001,Pune Manufacturing,Chinchwad,Pune,Maharashtra,MSEDCL,Industrial HT,HT-IND-2,11kV,HT,1600,26-06-2025,30-Jul-25,35,05-08-2025,01-09-2025,16685771,17318147,ACT,632376,kWh,335190,230093,67093,1319.8,kW,,4200,4168424,446532.33,0,158980.87,692243.45,5470380.65,INR,BILL-007001-202506,UNPAID
ACC-PUN-007001,MTR-9921001,Pune Manufacturing,Chinchwad,Pune,Maharashtra,MSEDCL,Industrial HT,HT-IND-2,11kV,HT,1600,31-07-2025,03-09-2025,35,16-09-2025,05-10-2025,17318147,17942147,ACT,624000,kWh,297520,208116,118364,1518.7,kVA,0.907,4200,4083221.6,513826.83,0,164049.49,689557.26,5454855.18,INR,BILL-007001-202507,DISPUTED
ACC-PUN-007001,MTR-9921001,Pune Manufacturing,Chinchwad,Pune,Maharashtra,MSEDCL,Industrial HT,HT-IND-2,11kV,HT,1600,04-09-2025,01-10-2025,28,08-10-2025,05-11-2025,17942147,18382327,EST,440180,kWh,257063,146872,70570,1465,kVA,0.885,3360,3173317.3,396526.67,47599.76,97879.45,535476.6,4254159.78,INR,BILL-007001-202509,PAID
ACC-PUN-007001,MTR-9921001,Pune Manufacturing,Chinchwad,Pune,Maharashtra,MSEDCL,Industrial HT,HT-IND-2,11kV,HT,1600,02-10-2025,29-10-2025,28,13-11-2025,30-Nov-25,18416652,18841010,ACT,424358,kWh,211909,126724,85725,1155.5,kVA,0.904,3360,2813851.3,312755.33,0,167956.64,468990.99,3766914.26,INR,BILL-007001-202510,PAID
ACC-PUN-007001,MTR-9921001,Pune Manufacturing,Chinchwad,Pune,Maharashtra,MSEDCL,Industrial HT,HT-IND-2,11kV,HT,1600,30-10-2025,28-11-2025,30,05-Dec-25,28-Dec-25,18841010,19249628,ACT,408618,kWh,146685,130701,131232,1169,kVA,0.873,3600,2599814.7,339010,70195,90721.95,440823.71,3544165.36,INR,BILL-007001-202510,PAID
ACC-PUN-007001,MTR-9921001,Pune Manufacturing,Chinchwad,Pune,Maharashtra,MSEDCL,Industrial HT,HT-IND-2,11kV,HT,1600,29-11-2025,27-12-2025,29,05-01-2026,22-01-2026,19249628,19620932,ACT,371304,kWh,174615,124756,71933,1102.6,kVA,0.905,3480,2424271.9,309095.53,0,79726.71,410005.11,3226579.25,INR,BILL-007001-202511,PAID
ACC-PUN-007001,MTR-9921001,Pune Manufacturing,Chinchwad,Pune,Maharashtra,MSEDCL,Industrial HT,HT-IND-2,11kV,HT,1600,28-12-2025,24-01-2026,28,05-02-2026,02-03-2026,19620932,19961925,ACT,340993,kWh,153011,99183,88799,1005.9,kVA,0.912,3360,2235419.1,272263.6,0,51610.27,376152.41,2938805.38,INR,BILL-007001-202512,DISPUTED
ACC-KOL-008001,MTR-1121001,Kolkata Terminal,Haldia,Kolkata,West Bengal,WBSEDCL,Industrial EHV,EHV-1,33kV,HT,3500,16-01-2023,17-02-2023,33,28-02-2023,19-03-2023,3001253,4049899,ACT,1048.646,MWh,399029,290149,359468,2186.6,kVA,0.883,12540,5786105.5,649420.2,98363.79,314593800,965328.85,322105558.3,INR,BILL-008001-202301,PAID
ACC-KOL-008001,MTR-1121001,Kolkata Terminal,Haldia,Kolkata,West Bengal,WBSEDCL,Industrial EHV,EHV-1,33kV,HT,3500,18-02-2023,22-03-2023,33,31-03-2023,29-04-2023,4049899,5063743,EST,1013844,kWh,537006,301620,149701,2733.4,kVA,,12540,5636344.2,811819.8,0,188918.08,967224.6,7616846.68,INR,BILL-008001-202302,PAID
ACC-KOL-008001,MTR-1121001,Kolkata Terminal,Haldia,Kolkata,West Bengal,WBSEDCL,Industrial EHV,EHV-1,33kV,HT,3500,23-03-2023,24-04-2023,33,08-05-2023,03-06-2023,5038226,6237311,ACT,1199085,kWh,557376,353479,288230,2692.1,kVA,,12540,6725166.9,799553.7,0,267731.02,1128708.09,8933699.71,INR,BILL-008001-202303,PAID
ACC-KOL-008001,MTR-1121001,Kolkata Terminal,Haldia,Kolkata,West Bengal,WBSEDCL,Industrial EHV,EHV-1,33kV,HT,3500,25-04-2023,28-05-2023,34,11-06-2023,10-Jul-23,6237311,7705245,ACT,1467934,kWh,570679,576075,321180,2743.8,kVA,0.867,12920,7861681.7,839602.8,259435.5,235284.06,1305192.68,10514116.74,INR,BILL-008001-202304,PAID
ACC-KOL-008001,MTR-1121001,Kolkata Terminal,Haldia,Kolkata,West Bengal,WBSEDCL,Industrial EHV,EHV-1,33kV,HT,3500,29-May-23,26-06-2023,29,03-07-2023,19-07-2023,7705245,9165817,ACT,1460572,kWh,685819,443641,331112,2885.7,kVA,0.879,11020,8181773.9,753167.7,171817.25,537845.84,1340241.24,10995865.93,INR,BILL-008001-202305,PAID
ACC-KOL-008001,MTR-1121001,Kolkata Terminal,Haldia,Kolkata,West Bengal,WBSEDCL,Industrial EHV,EHV-1,33kV,HT,3500,27-06-2023,31-07-2023,35,09-08-2023,06-Sep-23,9165817,10569781,EST,1403964,kWh,721648,603686,187439,3044,kW,0.953,13300,8273752.4,958860,0,433117.38,1384891.86,11063921.64,INR,BILL-008001-202306,PAID
ACC-KOL-008001,MTR-1121001,Kolkata Terminal,Haldia,Kolkata,West Bengal,WBSEDCL,Industrial EHV,EHV-1,33kV,HT,3500,01-08-2023,04-09-2023,35,13-09-2023,06-10-2023,10678590,12242712,EST,1564122,kWh,594434,495762,405976,2227.3,kVA,0.852,13300,8167893.4,701599.5,392058.88,575409.16,1330423.94,11180684.88,INR,BILL-008001-202308,PAID
ACC-KOL-008001,MTR-1121001,Kolkata Terminal,Haldia,Kolkata,West Bengal,WBSEDCL,Industrial EHV,EHV-1,33kV,HT,3500,05-Sep-23,09-10-2023,35,22-10-2023,13-11-2023,12174762,13715797,ACT,1541035,kWh,797516,480986,262533,2449.1,kVA,,13300,8716632.4,771466.5,0,403370.75,1423214.83,11327984.48,INR,BILL-008001-202309,PAID
ACC-KOL-008001,MTR-1121001,Kolkata Terminal,Haldia,Kolkata,West Bengal,WBSEDCL,Industrial EHV,EHV-1,33kV,HT,3500,10-10-2023,13-11-2023,35,26-11-2023,15-12-2023,13715797,14905974,ACT,1190177,kWh,555294,368310,266573,3070.9,kVA,,13300,6651902.4,967333.5,0,206400.38,1142885.39,8981821.67,INR,BILL-008001-202310,PAID
ACC-KOL-008001,MTR-1121001,Kolkata Terminal,Haldia,Kolkata,West Bengal,WBSEDCL,Industrial EHV,EHV-1,33kV,HT,3500,14-11-2023,14-12-2023,31,28-12-2023,26-01-2024,14905974,15954828,ACT,1048.854,MWh,478138,362673,208043,2345.5,kVA,0.883,11780,5789195.3,654394.5,98416.32,314656200,966538.47,322176524.6,INR,BILL-008001-202311,PAID
ACC-KOL-008001,MTR-1121001,Kolkata Terminal,Haldia,Kolkata,West Bengal,WBSEDCL,Industrial EHV,EHV-1,33kV,HT,3500,15-12-2023,18-01-2024,35,25-01-2024,18-Feb-24,15954828,17107385,ACT,1152557,kWh,465513,397519,289525,2756.6,kW,0.881,13300,6279247.5,868329,119305.7,509541.22,1072136.47,8861859.89,INR,BILL-008001-202312,PAID
ACC-KOL-008001,MTR-1121001,Kolkata Terminal,Haldia,Kolkata,West Bengal,WBSEDCL,Industrial EHV,EHV-1,33kV,HT,3500,12-01-2024,11-02-2024,31,23-02-2024,21-03-2024,17107385,17946090,ACT,838705,kWh,436987,253196,148522,3235,kVA,0.951,11780,4760994.8,902565,0,255914.14,849533.97,6780787.91,INR,BILL-008001-202401,PAID
ACC-KOL-008001,MTR-1121001,Kolkata Terminal,Haldia,Kolkata,West Bengal,WBSEDCL,Industrial EHV,EHV-1,33kV,HT,3500,12-02-2024,12-03-2024,30,25-03-2024,22-04-2024,17946090,18938962,EST,992872,kWh,459746,348023,163173,2801.1,kVA,0.862,11400,5364696.7,756297,203858.47,262910.91,918149.06,7517312.14,INR,BILL-008001-202402,PAID
ACC-KOL-008001,MTR-1121001,Kolkata Terminal,Haldia,Kolkata,West Bengal,WBSEDCL,Industrial EHV,EHV-1,33kV,HT,3500,13-03-2024,11-Apr-24,30,20-04-2024,15-05-2024,18917032,19959811,ACT,1042.779,MWh,493352,277232,272195,2388.2,kVA,0.85,11400,5905851.4,644814,295292.57,312833700,982599.81,320673657.8,INR,BILL-008001-202403,PAID
ACC-KOL-008001,MTR-1121001,Kolkata Terminal,Haldia,Kolkata,West Bengal,WBSEDCL,Industrial EHV,EHV-1,33kV,HT,3500,12-Apr-24,10-05-2024,29,15-05-2024,02-06-2024,19959811,21596880,EST,1637.069,MWh,768862,399167,362409,2782.6,kVA,0.854,11020,8742021.5,726258.6,402132.99,491120700,1420242.01,502422375.1,INR,BILL-008001-202404,PAID
ACC-KOL-008001,MTR-1121001,Kolkata Terminal,Haldia,Kolkata,West Bengal,WBSEDCL,Industrial EHV,EHV-1,33kV,HT,3500,11-May-24,13-06-2024,34,28-Jun-24,27-07-2024,21490249,23170323,ACT,1680.074,MWh,721407,430547,528120,1902.5,kW,0.888,12920,9436548.9,582165,113238.59,504022200,1502807.08,515669879.6,INR,BILL-008001-202405,PAID
ACC-KOL-008001,MTR-1121001,Kolkata Terminal,Haldia,Kolkata,West Bengal,WBSEDCL,Industrial EHV,EHV-1,33kV,HT,3500,14-06-2024,13-Jul-24,30,28-Jul-24,26-08-2024,23170323,24605851,ACT,1435528,kWh,529836,490725,414967,2297.2,kVA,,11400,7757534.1,620244,0,497207.74,1256666.71,10143052.55,INR,BILL-008001-202406,PAID
ACC-KOL-008001,MTR-1121001,Kolkata Terminal,Haldia,Kolkata,West Bengal,WBSEDCL,Industrial EHV,EHV-1,33kV,HT,3500,14-07-2024,17-08-2024,35,30-08-2024,23-09-2024,24605851,25896612,EST,1290761,kWh,561835,460123,321892,2275.8,kVA,0.869,13300,7353174.5,716877,227948.41,452640.81,1210507.72,9974448.44,INR,BILL-008001-202407,PAID
ACC-KOL-008001,MTR-1121001,Kolkata Terminal,Haldia,Kolkata,West Bengal,WBSEDCL,Industrial EHV,EHV-1,33kV,HT,3500,18-08-2024,21-09-2024,35,05-10-2024,24-Oct-24,25949701,27391949,EST,1442248,kWh,737014,415208,217299,2145.6,kVA,0.943,13300,7804421,675864,0,234227.78,1272042.75,9999855.53,INR,BILL-008001-202408,PAID
ACC-KOL-008001,MTR-1121001,Kolkata Terminal,Haldia,Kolkata,West Bengal,WBSEDCL,Industrial EHV,EHV-1,33kV,HT,3500,22-09-2024,21-10-2024,30,02-11-2024,01-12-2024,27319222,28501426,EST,1182204,kWh,499329,359779,231481,2794.5,kVA,0.896,11400,6048572.7,754515,24194.29,250308.92,1020463.16,8109454.07,INR,BILL-008001-202409,PAID
ACC-KOL-008001,MTR-1121001,Kolkata Terminal,Haldia,Kolkata,West Bengal,WBSEDCL,Industrial EHV,EHV-1,33kV,HT,3500,22-10-2024,24-11-2024,34,08-12-2024,31-12-2024,28409811,29475439,ACT,1065.628,MWh,529891,317111,218626,2470.5,kVA,,12920,6020572.1,755973,0,319688400,1016481.76,327494346.9,INR,BILL-008001-202410,PAID
ACC-KOL-008001,MTR-1121001,Kolkata Terminal,Haldia,Kolkata,West Bengal,WBSEDCL,Industrial EHV,EHV-1,33kV,HT,3500,25-11-2024,22-12-2024,28,27-12-2024,13-Jan-25,29475439,30568997,ACT,1093558,kWh,565646,287431,240481,2591.9,kVA,0.856,10640,6265971.1,653158.8,275702.73,423640.9,1037869.48,8666983.01,INR,BILL-008001-202411,PAID
ACC-KOL-008001,MTR-1121001,Kolkata Terminal,Haldia,Kolkata,West Bengal,WBSEDCL,Industrial EHV,EHV-1,33kV,HT,3500,23-12-2024,26-01-2025,35,01-02-2025,28-02-2025,30568997,31721323,ACT,1152326,kWh,492016,446303,214007,2462.6,kVA,0.921,13300,6241928.3,775719,0,413330.59,1052647.09,8496924.98,INR,BILL-008001-202412,PAID
ACC-KOL-008001,MTR-1121001,Kolkata Terminal,Haldia,Kolkata,West Bengal,WBSEDCL,Industrial EHV,EHV-1,33kV,HT,3500,18-01-2025,21-Feb-25,35,08-03-2025,27-03-2025,31721323,32648129,ACT,926.806,MWh,356022,358126,212658,2266.1,kW,,13300,4965994.2,713821.5,0,278041800,851972.35,284586888.1,INR,BILL-008001-202501,PAID
ACC-KOL-008001,MTR-1121001,Kolkata Terminal,Haldia,Kolkata,West Bengal,WBSEDCL,Industrial EHV,EHV-1,33kV,HT,3500,22-02-2025,23-03-2025,30,05-04-2025,25-04-2025,32648129,33517686,ACT,869557,kWh,414186,262876,192495,2740.3,kVA,0.897,11400,4881154.2,739881,14643.46,184733.39,843155.28,6674967.33,INR,BILL-008001-202502,UNPAID
ACC-KOL-008001,MTR-1121001,Kolkata Terminal,Haldia,Kolkata,West Bengal,WBSEDCL,Industrial EHV,EHV-1,33kV,HT,3500,24-03-2025,25-04-2025,33,30-04-2025,27-May-25,33517686,34642833,ACT,1125147,kWh,544570,329489,251088,2674.8,kW,0.856,12540,6343958.3,794415.6,279134.17,392374.8,1070756.08,8893178.95,INR,BILL-008001-202503,PAID
ACC-KOL-008001,MTR-1121001,Kolkata Terminal,Haldia,Kolkata,West Bengal,WBSEDCL,Industrial EHV,EHV-1,33kV,HT,3500,26-04-2025,25-05-2025,30,07-06-2025,30-06-2025,34642833,35901039,ACT,1258206,kWh,481476,437101,339629,2632.3,kVA,0.95,11400,6812727.3,710721,0,192549.35,1128517.24,8855914.89,INR,BILL-008001-202504,DISPUTED
ACC-KOL-008001,MTR-1121001,Kolkata Terminal,Haldia,Kolkata,West Bengal,WBSEDCL,Industrial EHV,EHV-1,33kV,HT,3500,26-05-2025,27-06-2025,33,12-07-2025,08-08-2025,35901039,37424280,EST,1523.241,MWh,802168,573009,112856,2141.4,kVA,0.883,12540,8298899.9,635995.8,141081.3,456972300,1340234.36,467401051.4,INR,BILL-008001-202505,DISPUTED
ACC-KOL-008001,MTR-1121001,Kolkata Terminal,Haldia,Kolkata,West Bengal,WBSEDCL,Industrial EHV,EHV-1,33kV,HT,3500,28-06-2025,27-Jul-25,30,03-08-2025,31-08-2025,37389072,38963944,ACT,1574872,kWh,639637,543869,391366,2674.2,kVA,0.914,11400,8583997.1,722034,0,327940.68,1395904.66,11041276.44,INR,BILL-008001-202506,PAID
ACC-KOL-008001,MTR-1121001,Kolkata Terminal,Haldia,Kolkata,West Bengal,WBSEDCL,Industrial EHV,EHV-1,33kV,HT,3500,28-07-2025,29-08-2025,33,05-Sep-25,24-09-2025,38963944,40431944,ACT,1468000,kWh,570301,527806,369893,2378.6,kVA,0.873,12540,7933912.4,706444.2,214215.63,336485.22,1296053.49,10499650.94,INR,BILL-008001-202507,DISPUTED
ACC-KOL-008001,MTR-1121001,Kolkata Terminal,Haldia,Kolkata,West Bengal,WBSEDCL,Industrial EHV,EHV-1,33kV,HT,3500,30-08-2025,28-09-2025,30,10-10-2025,08-11-2025,40431944,41802093,EST,1370149,kWh,456040,354175,460572,2117.4,kVA,0.945,11400,6969443.3,571698,0,511729.91,1131171.19,9195442.4,INR,BILL-008001-202508,DISPUTED
ACC-KOL-008001,MTR-1121001,Kolkata Terminal,Haldia,Kolkata,West Bengal,WBSEDCL,Industrial EHV,EHV-1,33kV,HT,3500,29-Sep-25,01-11-2025,34,09-Nov-25,08-12-2025,41702731,42924008,ACT,1221.277,MWh,584250,360297,276730,2885.5,kW,0.978,12920,6872400.3,882963,0,366383100,1163304.49,375314687.8,INR,BILL-008001-202509,UNPAID
ACC-KOL-008001,MTR-1121001,Kolkata Terminal,Haldia,Kolkata,West Bengal,WBSEDCL,Industrial EHV,EHV-1,33kV,HT,3500,02-11-2025,04-12-2025,33,10-12-2025,02-01-2026,42924008,43979290,ACT,1055282,kWh,488932,344601,221749,3097.1,kVA,0.901,12540,5866126.1,919838.7,0,234822.1,1017894.72,8051221.62,INR,BILL-008001-202511,PAID
ACC-KOL-008001,MTR-1121001,Kolkata Terminal,Haldia,Kolkata,West Bengal,WBSEDCL,Industrial EHV,EHV-1,33kV,HT,3500,05-12-2025,08-01-2026,35,15-01-2026,30-01-2026,43979290,45078205,ACT,1098915,kWh,596624,308509,193782,2268.9,kW,0.964,13300,6306651.1,714703.5,0,350358.99,1053203.19,8438216.78,INR,BILL-008001-202512,UNPAID
